Name	aaSeqHeavy	aaSeqLight	binding	aaSeqCDR3	all_seq	KD	cat	new_binding	iptm	colors
CL0_GFRAL_M1_F6.0_RHH	QVQLVQSGGGVVQPGRSLRLSCAASGFTFSSYGMHWVRQAPGKGLEWVAVIWYDGSNKYYADSVKGRFTISRDNSKTTLYLQMNSLRAEDTAVYYCARDRYYDILTGYYRGFDYWGQGTLVTVSS	AIQLTQSPSSLSASVGDRVTITCRASQGISSALAWYQQKPGKAPKLLIYDASSLESGVPSRFSGSGSGTDFTLTISSLQPEDFATYYCQQFNNYPRTFGQGTKVEIK	NON BINDER	CARDRYYDILTGYYRGFDYW	QVQLVQSGGGVVQPGRSLRLSCAASGFTFSSYGMHWVRQAPGKGLEWVAVIWYDGSNKYYADSVKGRFTISRDNSKTTLYLQMNSLRAEDTAVYYCARDRYYDILTGYYRGFDYWGQGTLVTVSSAIQLTQSPSSLSASVGDRVTITCRASQGISSALAWYQQKPGKAPKLLIYDASSLESGVPSRFSGSGSGTDFTLTISSLQPEDFATYYCQQFNNYPRTFGQGTKVEIK	1e-06	RHH	NON BINDER	0.28	grey
CL1_GFRAL_M1_F6.0_RM	EVQLQESGGGVVQPGRSLRLSCAASGFTFSSYGMHWVRQAPGKGLEWVAVIWYDGSNKYYADSVKGRFTISRDNSKNTLYLQMNSLRAEDTAVYYCARDRYYDILTGYYRGFAYWGQGTLVTVSS	AIQLTQSPSSLSASVGDRVTITCRASQGISSALAWYQQKPGKAPKLLIYDASSLESGVPSRFSGSGSGTDFTLTISSLQPEDFATYYCQQFNNYPRTFGQGTKVEIK	NON BINDER	CARDRYYDILTGYYRGFAYW	EVQLQESGGGVVQPGRSLRLSCAASGFTFSSYGMHWVRQAPGKGLEWVAVIWYDGSNKYYADSVKGRFTISRDNSKNTLYLQMNSLRAEDTAVYYCARDRYYDILTGYYRGFAYWGQGTLVTVSSAIQLTQSPSSLSASVGDRVTITCRASQGISSALAWYQQKPGKAPKLLIYDASSLESGVPSRFSGSGSGTDFTLTISSLQPEDFATYYCQQFNNYPRTFGQGTKVEIK	1e-06	RM	NON BINDER	0.29	grey
CL6_GFRAL_M1_F20.0_RL	QVQLVESGGGVVQSGRSLRLSCAASGFTFSTFGMHWVRQAPGKGLEWVSVIWHAGNKKYYADSVKGRFTISRDNSKNTVYLQMNSLRAEDTAVYFCARKSGRFHGAFEIWGQGTTVTVSS	EIVMTQSPATLSVSPGERATLSCRASQSVSSNLAWYQQKPGQAPRLLIYGASTRATGIPARFSGSGSGTEFTLTISSLQSEDFAVHYCQQYNNWPYTFGQGTKLEIK	BINDER	CARKSGRFHGAFEIW	QVQLVESGGGVVQSGRSLRLSCAASGFTFSTFGMHWVRQAPGKGLEWVSVIWHAGNKKYYADSVKGRFTISRDNSKNTVYLQMNSLRAEDTAVYFCARKSGRFHGAFEIWGQGTTVTVSSEIVMTQSPATLSVSPGERATLSCRASQSVSSNLAWYQQKPGQAPRLLIYGASTRATGIPARFSGSGSGTEFTLTISSLQSEDFAVHYCQQYNNWPYTFGQGTKLEIK	2.41e-10	RL	BINDER	0.29	#FF6666
CL10_GFRAL_M1_F112.0_RH	QVQLVESGGGVVQPGRSLRLSCAASGFTFSSYGMHWVRQAPGKGLEWVAVIWYDGSNKYYADSVKGRFTISRDNSKNTLYLQMNSLRAEDTAVYYCARMYYDILTGYSNYYYYGMDVWGQGTTVTVSS	EIVMTQSPATLSLSPGERATLSCRASQSVSSSYLSWYQQKPGQAPRLLIYGASTRATGIPARFSGSGSGTDFTLTISSLQPEDFAVYYCQQDYNLPYTFGQGTKLEIK	BINDER	CARMYYDILTGYSNYYYYGMDVW	QVQLVESGGGVVQPGRSLRLSCAASGFTFSSYGMHWVRQAPGKGLEWVAVIWYDGSNKYYADSVKGRFTISRDNSKNTLYLQMNSLRAEDTAVYYCARMYYDILTGYSNYYYYGMDVWGQGTTVTVSSEIVMTQSPATLSLSPGERATLSCRASQSVSSSYLSWYQQKPGQAPRLLIYGASTRATGIPARFSGSGSGTDFTLTISSLQPEDFAVYYCQQDYNLPYTFGQGTKLEIK	8.86e-09	RH	BINDER	0.29	grey
CL11_GFRAL_M1_F112.0_RHH	QVQLVQSGGGVVQPGRSLRLSCAASGFTFSSYGMHWVRQAPGKGLEWVAVIWYDGSNKYYADSVKGRFTISRDNSKNTLYLQMNSLRAEDTAVYYCARMYYDILTGYQGYYYYGMDVWGQGTTVTVSS	EIVMTQSPATLSLSPGERATLSCRASQSVSSSYLSWYQQKPGQAPRLLIYGASTRATGIPARFSGSGSGTDFTLTISSLQPEDFAVYYCQQDYNLPYTFGQGTKLEIK	NON BINDER	CARMYYDILTGYQGYYYYGMDVW	QVQLVQSGGGVVQPGRSLRLSCAASGFTFSSYGMHWVRQAPGKGLEWVAVIWYDGSNKYYADSVKGRFTISRDNSKNTLYLQMNSLRAEDTAVYYCARMYYDILTGYQGYYYYGMDVWGQGTTVTVSSEIVMTQSPATLSLSPGERATLSCRASQSVSSSYLSWYQQKPGQAPRLLIYGASTRATGIPARFSGSGSGTDFTLTISSLQPEDFAVYYCQQDYNLPYTFGQGTKLEIK	1e-06	RHH	NON BINDER	0.28	grey
CL12_GFRAL_M1_F112.0_RM	QVQLQESGGGVVQPGRSLRLSCAASGFTFSSYGLHWVRQAPGKGLEWVALIWFDGSNKYYADSVKGRFTISRDNSKNTLYLQMNSLRAEDTAVYYCAKAYYDILTGYSYYYYYGMDVWGQGTTVTVSS	EIVMTQSPATLSLSPGERATLSCRASQSVSSSYLSWYQQKPGQAPRLLIYGASTRATGIPARFSGSGSGTDFTLTISSLQPEDFAVYYCQQDYNLPYTFGQGTKLEIK	NON BINDER	CAKAYYDILTGYSYYYYYGMDVW	QVQLQESGGGVVQPGRSLRLSCAASGFTFSSYGLHWVRQAPGKGLEWVALIWFDGSNKYYADSVKGRFTISRDNSKNTLYLQMNSLRAEDTAVYYCAKAYYDILTGYSYYYYYGMDVWGQGTTVTVSSEIVMTQSPATLSLSPGERATLSCRASQSVSSSYLSWYQQKPGQAPRLLIYGASTRATGIPARFSGSGSGTDFTLTISSLQPEDFAVYYCQQDYNLPYTFGQGTKLEIK	1e-06	RM	NON BINDER	0.29	grey
CL13_GFRAL_M1_F112.0_RL	QVQLQESGGGVVQPGRSLRLSCAASGFTFNSYGMHWVRQAPGKGLEWVAVIWYDGSNKYYADSVKGRFTISRDNSKNTLYLQMNSLRAEDTAVYYCARMYYDILTGYQGYYYSGMDVWGQGTTVTVSS	EIVMTQSPATLSLSPGERATLSCRASQSVSSSYLSWYQQKPGQAPRLLIYGASTRATGIPARFSGSGSGTDFTLTISSLQPEDFAVYYCQQDYNLPYTFGQGTKLEIK	NON BINDER	CARMYYDILTGYQGYYYSGMDVW	QVQLQESGGGVVQPGRSLRLSCAASGFTFNSYGMHWVRQAPGKGLEWVAVIWYDGSNKYYADSVKGRFTISRDNSKNTLYLQMNSLRAEDTAVYYCARMYYDILTGYQGYYYSGMDVWGQGTTVTVSSEIVMTQSPATLSLSPGERATLSCRASQSVSSSYLSWYQQKPGQAPRLLIYGASTRATGIPARFSGSGSGTDFTLTISSLQPEDFAVYYCQQDYNLPYTFGQGTKLEIK	1e-06	RL	NON BINDER	0.29	grey
CL14_GFRAL_M1_F112.0_RLL	EVQLVESGGGVVQPGRSLRLSCAASGFTFSSYGMHWVRQAPGKGLEWVAVIWYDGSNKYYADSVKGRFTISRDNSKNTLYLQMNSMRAEYTAVYNCTRMYYDILTGYPKGYYYGMDVWGQGTTVTVSS	EIVMTQSPATLSLSPGERATLSCRASQSVSSSYLSWYQQKPGQAPRLLIYGASTRATGIPARFSGSGSGTDFTLTISSLQPEDFAVYYCQQDYNLPYTFGQGTKLEIK	WEAK BINDER	CTRMYYDILTGYPKGYYYGMDVW	EVQLVESGGGVVQPGRSLRLSCAASGFTFSSYGMHWVRQAPGKGLEWVAVIWYDGSNKYYADSVKGRFTISRDNSKNTLYLQMNSMRAEYTAVYNCTRMYYDILTGYPKGYYYGMDVWGQGTTVTVSSEIVMTQSPATLSLSPGERATLSCRASQSVSSSYLSWYQQKPGQAPRLLIYGASTRATGIPARFSGSGSGTDFTLTISSLQPEDFAVYYCQQDYNLPYTFGQGTKLEIK	8.61e-10	RLL	BINDER	0.29	grey
CL15_GFRAL_M1_F557.0_RH	QVQLVQSGGGVVQPGRSLRLSCSASGFTFSSYGMHWVRQAPGKGLEGLAVIWYDGSNKDYADSVKGLFTISKDNSKNTLYLQMNNLRAEDTAVYYCAREMDDYDILTGYSYGMDVWGQGTTVTVSS	AIQMTQSPSSLSASVGDRVTITCRASQGIRNDLGWYQQKPGRAPKLLIYAASSLQSGVPSRFSGSGSGTDFTLTISGLQPEDFATYFCLQDYSYPYTFGQGTKLEIK	NON BINDER	CAREMDDYDILTGYSYGMDVW	QVQLVQSGGGVVQPGRSLRLSCSASGFTFSSYGMHWVRQAPGKGLEGLAVIWYDGSNKDYADSVKGLFTISKDNSKNTLYLQMNNLRAEDTAVYYCAREMDDYDILTGYSYGMDVWGQGTTVTVSSAIQMTQSPSSLSASVGDRVTITCRASQGIRNDLGWYQQKPGRAPKLLIYAASSLQSGVPSRFSGSGSGTDFTLTISGLQPEDFATYFCLQDYSYPYTFGQGTKLEIK	1e-06	RH	NON BINDER	0.29	grey
CL16_GFRAL_M1_F557.0_RL	QVQLLESGGGVVQPGRSLRLSCAASGFTFRSYGMHWVRQAPGKGLEWVAVIWYDGSNKYYADSVKGRFTISRDNSKNTLYLQMNSLRAEDTAVYHCARDPPYYDILTGHLYGMDVWGQGTTVTVSS	AIQMTQSPSSLSASVGDRVTITCRASQGIRNDLGWYQQKPGRAPKLLIYAASSLQSGVPSRFSGSGSGTDFTLTISGLQPEDFATYFCLQDYSYPYTFGQGTKLEIK	NON BINDER	CARDPPYYDILTGHLYGMDVW	QVQLLESGGGVVQPGRSLRLSCAASGFTFRSYGMHWVRQAPGKGLEWVAVIWYDGSNKYYADSVKGRFTISRDNSKNTLYLQMNSLRAEDTAVYHCARDPPYYDILTGHLYGMDVWGQGTTVTVSSAIQMTQSPSSLSASVGDRVTITCRASQGIRNDLGWYQQKPGRAPKLLIYAASSLQSGVPSRFSGSGSGTDFTLTISGLQPEDFATYFCLQDYSYPYTFGQGTKLEIK	1e-06	RL	NON BINDER	0.3	grey
CL17_GFRAL_M1_F557.0_RM	QVQLVESGGGVVQPGRSLRLSCAASGFTFSSYGMHWVRQAPGKGLEWVAVIWYDGSNKYYADSVKGRFTISRDNSKNTLYLQMNSLRAEDTAVYFCAREMDYYDILTGHSYGMDVWGQGTTVTVSS	AIQMTQSPSSLSASVGDRVTITCRASQGIRNDLGWYQQKPGRAPKLLIYAASSLQSGVPSRFSGSGSGTDFTLTISGLQPEDFATYFCLQDYSYPYTFGQGTKLEIK	NON BINDER	CAREMDYYDILTGHSYGMDVW	QVQLVESGGGVVQPGRSLRLSCAASGFTFSSYGMHWVRQAPGKGLEWVAVIWYDGSNKYYADSVKGRFTISRDNSKNTLYLQMNSLRAEDTAVYFCAREMDYYDILTGHSYGMDVWGQGTTVTVSSAIQMTQSPSSLSASVGDRVTITCRASQGIRNDLGWYQQKPGRAPKLLIYAASSLQSGVPSRFSGSGSGTDFTLTISGLQPEDFATYFCLQDYSYPYTFGQGTKLEIK	1e-06	RM	NON BINDER	0.31	grey
CL18_GFRAL_M1_F557.0_RLL	EVQLVESGGGVVQPGRSLRLSCAASGFTFSSYGMHWVRQAPGKGLEWVAVIWYDGSNKFYADSVKGRFTISRDNSKNTLYLQMNSLRPEDTALYYCARDMDNYDILTGHSYGMDVWGQGTTVTVSS	AIQMTQSPSSLSASVGDRVTITCRASQGIRNDLGWYQQKPGRAPKLLIYAASSLQSGVPSRFSGSGSGTDFTLTISGLQPEDFATYFCLQDYSYPYTFGQGTKLEIK	NON BINDER	CARDMDNYDILTGHSYGMDVW	EVQLVESGGGVVQPGRSLRLSCAASGFTFSSYGMHWVRQAPGKGLEWVAVIWYDGSNKFYADSVKGRFTISRDNSKNTLYLQMNSLRPEDTALYYCARDMDNYDILTGHSYGMDVWGQGTTVTVSSAIQMTQSPSSLSASVGDRVTITCRASQGIRNDLGWYQQKPGRAPKLLIYAASSLQSGVPSRFSGSGSGTDFTLTISGLQPEDFATYFCLQDYSYPYTFGQGTKLEIK	1e-06	RLL	NON BINDER	0.31	grey
CL19_GFRAL_M1_F826.0_RHH	QVQLVQSGGGVVQPGRSLRLSCAASGFTFSSYGMHWVRQAPGKGLEWVAVIWYDGSNKYYADSVKGRFTISRDNSKNTLYLQMNSLRAEDTAVYYCAREGGGYCSSTSCYAEGMDVWGQGTTVTVSS	DIQMTQSPSSLSASVGDRVTITCRASQGISNYLAWFQQKPGKAPKSLIYAASSLQSGVPSKFSGSGSGTDFTLTISSLQPEDFATYYCQQYNSYPYTFGQGTKLEIK	WEAK BINDER	CAREGGGYCSSTSCYAEGMDVW	QVQLVQSGGGVVQPGRSLRLSCAASGFTFSSYGMHWVRQAPGKGLEWVAVIWYDGSNKYYADSVKGRFTISRDNSKNTLYLQMNSLRAEDTAVYYCAREGGGYCSSTSCYAEGMDVWGQGTTVTVSSDIQMTQSPSSLSASVGDRVTITCRASQGISNYLAWFQQKPGKAPKSLIYAASSLQSGVPSKFSGSGSGTDFTLTISSLQPEDFATYYCQQYNSYPYTFGQGTKLEIK	4.58e-08	RHH	BINDER	0.29	grey
CL21_GFRAL_M1_F826.0_RM	QVQLQESGGGVVQPGRSLRLSCAASGFTFSSYGRHWVRQAPGKGLEWVAVIWSDGSNKYYADSVKGRFTISRDNSKNTLYLQMNSLRAEDTAVYYCARDGGGYCSSTSCYAEGMDVWGQGTTVTVSS	DIQMTQSPSSLSASVGDRVTITCRASQGISNYLAWFQQKPGKAPKSLIYAASSLQSGVPSKFSGSGSGTDFTLTISSLQPEDFATYYCQQYNSYPYTFGQGTKLEIK	WEAK BINDER	CARDGGGYCSSTSCYAEGMDVW	QVQLQESGGGVVQPGRSLRLSCAASGFTFSSYGRHWVRQAPGKGLEWVAVIWSDGSNKYYADSVKGRFTISRDNSKNTLYLQMNSLRAEDTAVYYCARDGGGYCSSTSCYAEGMDVWGQGTTVTVSSDIQMTQSPSSLSASVGDRVTITCRASQGISNYLAWFQQKPGKAPKSLIYAASSLQSGVPSKFSGSGSGTDFTLTISSLQPEDFATYYCQQYNSYPYTFGQGTKLEIK	3.53e-08	RM	BINDER	0.28	grey
CL22_GFRAL_M1_F826.0_RH	QIQLVQSGGGVVQPGRSLRLSCAASGFTFSSYGMHWVRQAPGKGLEWVAVIWYDGSNKYYADSVKGRFTISRDNSKNTLYLQMNSLRAEDTAVYYCAREGGGYCSSTSCYAEGTDVWGQGTTVTVSS	DIQMTQSPSSLSASVGDRVTITCRASQGISNYLAWFQQKPGKAPKSLIYAASSLQSGVPSKFSGSGSGTDFTLTISSLQPEDFATYYCQQYNSYPYTFGQGTKLEIK	WEAK BINDER	CAREGGGYCSSTSCYAEGTDVW	QIQLVQSGGGVVQPGRSLRLSCAASGFTFSSYGMHWVRQAPGKGLEWVAVIWYDGSNKYYADSVKGRFTISRDNSKNTLYLQMNSLRAEDTAVYYCAREGGGYCSSTSCYAEGTDVWGQGTTVTVSSDIQMTQSPSSLSASVGDRVTITCRASQGISNYLAWFQQKPGKAPKSLIYAASSLQSGVPSKFSGSGSGTDFTLTISSLQPEDFATYYCQQYNSYPYTFGQGTKLEIK	1.61e-09	RH	BINDER	0.31	grey
CL42_GFRAL_M2_F1441.0_RHH	QVQLVQSGGGLIQPGGSLRLSCAASGFTFSNCAMSWVRQAPGKGLEWVSNMSGGGTKIYYAESVKGRFTISRDNSKNTLYLQMNSPRAEDTAVYYCAKEALWFGELSWIDPWGQGTLVTVSS	AIQLTQSPSSLSASVGDRVTITCRASQGISSALAWYQQKPGKAPKLLIYDASSLKSGVPSRFSGSGSGTDFTLTISSLQPEDFATYYCQQFNNYPYTFGQGTKLEIK	WEAK BINDER	CAKEALWFGELSWIDPW	QVQLVQSGGGLIQPGGSLRLSCAASGFTFSNCAMSWVRQAPGKGLEWVSNMSGGGTKIYYAESVKGRFTISRDNSKNTLYLQMNSPRAEDTAVYYCAKEALWFGELSWIDPWGQGTLVTVSSAIQLTQSPSSLSASVGDRVTITCRASQGISSALAWYQQKPGKAPKLLIYDASSLKSGVPSRFSGSGSGTDFTLTISSLQPEDFATYYCQQFNNYPYTFGQGTKLEIK	2.12e-08	RHH	BINDER	0.36	grey
CL51_GFRAL_M2_F2240.0_RHH	QVQLQESGGGLVKPGWSLRLACAASGFTFSNAWMSWVRQAPGKGLEWVSAISGSGGSTYYADSVKGRFTISRDNSKNTLYLQMNSLRAEDTAVYYCASPYYDILTALDYWGQGTLVTVSS	EIVMTQSPATLSVSPGERATLSCRASQSVSSNLAWYQQKPGQAPRLLIYGASTRATGIPARFSGSGSGTEFTLTISSLQSEDFAVYYCQQYNNWPPITFGQGTRLEIK	WEAK BINDER	CASPYYDILTALDYW	QVQLQESGGGLVKPGWSLRLACAASGFTFSNAWMSWVRQAPGKGLEWVSAISGSGGSTYYADSVKGRFTISRDNSKNTLYLQMNSLRAEDTAVYYCASPYYDILTALDYWGQGTLVTVSSEIVMTQSPATLSVSPGERATLSCRASQSVSSNLAWYQQKPGQAPRLLIYGASTRATGIPARFSGSGSGTEFTLTISSLQSEDFAVYYCQQYNNWPPITFGQGTRLEIK	4.93e-08	RHH	BINDER	0.27	grey
CL56_GFRAL_M2_F1217.0_RLL	QVQLQESGGGVVQPGRSLRLSCAASGFTFSSYGMHWVRQAPGKGVEWVAVIWYAGSNKYYADSVKGRFTISRDNSKNTLYLQMNSLRAEDTAVYYCARMYYDILTGYSVSVYAYYGMDVWGQGTTVTVSS	EIVMTQSPATLSLSPGERATLSCRASQSVSSSYLSWYQQKPGQAPRLLIYGASTRATGIPARFSGSGSGTDFTLTISSLQPEDFAVYYCQQDYNLPYTFGQGTKLEIK	WEAK BINDER	CARMYYDILTGYSVSVYAYYGMDVW	QVQLQESGGGVVQPGRSLRLSCAASGFTFSSYGMHWVRQAPGKGVEWVAVIWYAGSNKYYADSVKGRFTISRDNSKNTLYLQMNSLRAEDTAVYYCARMYYDILTGYSVSVYAYYGMDVWGQGTTVTVSSEIVMTQSPATLSLSPGERATLSCRASQSVSSSYLSWYQQKPGQAPRLLIYGASTRATGIPARFSGSGSGTDFTLTISSLQPEDFAVYYCQQDYNLPYTFGQGTKLEIK	8.29e-10	RLL	BINDER	0.8300000000000001	grey
CL58_GFRAL_M2_F139.0_RM	QVQLVESGGGLVQPGGSLRLSCAASGFTFSTYVMSWVRQAPGKGLEWVSAISGSGGSTYYADSVKGRFTISRDNSKNTLYLQANSLRAEDTAVYYCAKRDSGIYGFFDYWGQGTLVTVSS	EIVMTQSPATLSLSPGERATLSCRASQSVRSTYLSWYQQKLGQAPRLLIYGALTRATGIPARFSGSGSGTDFTLTISSLQPEDFAVYYCQQDYNLPFTFGPGTKVDIK	WEAK BINDER	CAKRDSGIYGFFDYW	QVQLVESGGGLVQPGGSLRLSCAASGFTFSTYVMSWVRQAPGKGLEWVSAISGSGGSTYYADSVKGRFTISRDNSKNTLYLQANSLRAEDTAVYYCAKRDSGIYGFFDYWGQGTLVTVSSEIVMTQSPATLSLSPGERATLSCRASQSVRSTYLSWYQQKLGQAPRLLIYGALTRATGIPARFSGSGSGTDFTLTISSLQPEDFAVYYCQQDYNLPFTFGPGTKVDIK	1.58e-08	RM	BINDER	0.3	grey
CL64_GFRAL_M2_F2240.0_RL	QVQLVQSGGGVVQPGRSLRLSCAASGFTFSNYGMHWVRQAPGKGLEWVAVIWYDGSNKYYADSVKGRFTISRDNSKNTLYLQMNSLRAEDTAVYYCASPYYDIWTALDYWGQGTLVTVSS	EIVMTQSPATLSVSPGERATLSCRASQSVSSNLAWYQQKPGQAPRLLIYGASTRATGIPARFSGSGSGTEFTLTISSLQSEDFAVYYCQQYNNWPPITFGQGTRLEIK	BINDER	CASPYYDIWTALDYW	QVQLVQSGGGVVQPGRSLRLSCAASGFTFSNYGMHWVRQAPGKGLEWVAVIWYDGSNKYYADSVKGRFTISRDNSKNTLYLQMNSLRAEDTAVYYCASPYYDIWTALDYWGQGTLVTVSSEIVMTQSPATLSVSPGERATLSCRASQSVSSNLAWYQQKPGQAPRLLIYGASTRATGIPARFSGSGSGTEFTLTISSLQSEDFAVYYCQQYNNWPPITFGQGTRLEIK	8.72e-10	RL	BINDER	0.29	grey
CL67_GFRAL_M2_F157.0_RH	QVQLQQSGGDLVQPGGSLRLSCAASGFTFNNYAMTWVRQAPGTGLEWVSFITGTGGRTYYADSVKGRFTISRDNSKNTLYLQMSSLRVEDAAVYYCAKEGGNFFDAFDIWGQGTMVTVSS	EIVMTQSPATLSVSPGERATLSCRASQSVSSNLAWYQQKPGQAPRLLIYGASTRATGIPARFSGSGSGTEFTLTISSLQSEDFAVHYCQQYNNWPYTFGQGTKLEIK	WEAK BINDER	CAKEGGNFFDAFDIW	QVQLQQSGGDLVQPGGSLRLSCAASGFTFNNYAMTWVRQAPGTGLEWVSFITGTGGRTYYADSVKGRFTISRDNSKNTLYLQMSSLRVEDAAVYYCAKEGGNFFDAFDIWGQGTMVTVSSEIVMTQSPATLSVSPGERATLSCRASQSVSSNLAWYQQKPGQAPRLLIYGASTRATGIPARFSGSGSGTEFTLTISSLQSEDFAVHYCQQYNNWPYTFGQGTKLEIK	3.28e-09	RH	BINDER	0.3	grey
CL70_GFRAL_M2_F157.0_RL	QVQLVESGGDLVQPGGSLRLSCAASGFTFNNYAMTWVRQAPGTGLEWVSFITGTGGRTHYADSVKGRFTISRDNSKNTLYLQMSSLRVEDAAVYYCATEGGNFFDAFDIWGQGTMVTVSS	EIVMTQSPATLSVSPGERATLSCRASQSVSSNLAWYQQKPGQAPRLLIYGASTRATGIPARFSGSGSGTEFTLTISSLQSEDFAVHYCQQYNNWPYTFGQGTKLEIK	BINDER	CATEGGNFFDAFDIW	QVQLVESGGDLVQPGGSLRLSCAASGFTFNNYAMTWVRQAPGTGLEWVSFITGTGGRTHYADSVKGRFTISRDNSKNTLYLQMSSLRVEDAAVYYCATEGGNFFDAFDIWGQGTMVTVSSEIVMTQSPATLSVSPGERATLSCRASQSVSSNLAWYQQKPGQAPRLLIYGASTRATGIPARFSGSGSGTEFTLTISSLQSEDFAVHYCQQYNNWPYTFGQGTKLEIK	8.34e-09	RL	BINDER	0.28	grey
CL75_GFRAL_M2_F157.0_RM	QVQLVESGGGVVQPGRSLRLSCEASGFTVSTYGMHWVRQAPGKGLEWVSIIWHAGNKKYYADSVKGRFTISRDNSKNTVYLQMNSLRAEDTAVYFCARKSGSFHDGFEIWGQGTMVTVSS	EIVMTQSPATLSVSPGERATLSCRASQSVSSNLAWYQQKPGQAPRLLIYGASTRATGIPARFSGSGSGTEFTLTISSLQSEDFAVHYCQQYNNWPYTFGQGTKLEIK	WEAK BINDER	CARKSGSFHDGFEIW	QVQLVESGGGVVQPGRSLRLSCEASGFTVSTYGMHWVRQAPGKGLEWVSIIWHAGNKKYYADSVKGRFTISRDNSKNTVYLQMNSLRAEDTAVYFCARKSGSFHDGFEIWGQGTMVTVSSEIVMTQSPATLSVSPGERATLSCRASQSVSSNLAWYQQKPGQAPRLLIYGASTRATGIPARFSGSGSGTEFTLTISSLQSEDFAVHYCQQYNNWPYTFGQGTKLEIK	2.4e-10	RM	BINDER	0.6900000000000001	grey
CL92_GFRAL_M3_F95.0_RHH	QVQLVQSGAEVKKPGASVKVSCKASGYTFTSYGISWVRQAPGQGLEWMGWISVHNGNTNYTQKLQGRVTMTTDTSTSTAYMELRSLRSDDTAVYYCARSRITMVRGVGGMDVWGQGTTVTVSS	DIQMTQSPSSLSASVGDRVTITCRASQGISNYLAWYQQKPGKVPKLLIYAASTLQSGVPSRFSGSGSGTDFTLTISSLQPEDVATYYCQKYNSAPYTFGQGTKLEIK	WEAK BINDER	CARSRITMVRGVGGMDVW	QVQLVQSGAEVKKPGASVKVSCKASGYTFTSYGISWVRQAPGQGLEWMGWISVHNGNTNYTQKLQGRVTMTTDTSTSTAYMELRSLRSDDTAVYYCARSRITMVRGVGGMDVWGQGTTVTVSSDIQMTQSPSSLSASVGDRVTITCRASQGISNYLAWYQQKPGKVPKLLIYAASTLQSGVPSRFSGSGSGTDFTLTISSLQPEDVATYYCQKYNSAPYTFGQGTKLEIK	1e-06	RHH	BINDER	0.3	grey
CL94_GFRAL_M3_F95.0_RM	QVQLVESGAEVKRPGASVKVSCKASGYTFTSYGIGWVRQAPGQGLEWMGWITANNGNINYAQKLQGRVTMTTDTSTNTAYMELRSLRSDDTAVYYCARSRFTMVRGVGGMDVWGQGTTVTVSS	DIQMTQSPSSLSASVGDRVTITCRASQGISNYLAWYQQKPGKVPKLLIYAASTLQSGVPSRFSGSGSGTDFTLTISSLQPEDVATYYCQKYNSAPYTFGQGTKLEIK	WEAK BINDER	CARSRFTMVRGVGGMDVW	QVQLVESGAEVKRPGASVKVSCKASGYTFTSYGIGWVRQAPGQGLEWMGWITANNGNINYAQKLQGRVTMTTDTSTNTAYMELRSLRSDDTAVYYCARSRFTMVRGVGGMDVWGQGTTVTVSSDIQMTQSPSSLSASVGDRVTITCRASQGISNYLAWYQQKPGKVPKLLIYAASTLQSGVPSRFSGSGSGTDFTLTISSLQPEDVATYYCQKYNSAPYTFGQGTKLEIK	1.5e-07	RM	BINDER	0.29	grey
CL98_GFRAL_M3_F36.0_RHH	EVQLLESGGGVVQPGRSLRLSCAASGFTFSSNGMHWVRQAPGKGLEWVAVIWYDGSNKYYADSVKGRFTISRDNSKNTLYLQMNSLRAEDTAVYYCARGGPYYDILTGYDAFDIWGQGTMVTVSS	EIVLTQSPATLSLSPGERATLSCGASQSVSSSYLAWYQQKPGLAPRLLIYDTSSRATGIPDRFSGSGSGTDFTLTISRLEPEDFAVYYCQQYGSSPTFGGGTKVEIK	BINDER	CARGGPYYDILTGYDAFDIW	EVQLLESGGGVVQPGRSLRLSCAASGFTFSSNGMHWVRQAPGKGLEWVAVIWYDGSNKYYADSVKGRFTISRDNSKNTLYLQMNSLRAEDTAVYYCARGGPYYDILTGYDAFDIWGQGTMVTVSSEIVLTQSPATLSLSPGERATLSCGASQSVSSSYLAWYQQKPGLAPRLLIYDTSSRATGIPDRFSGSGSGTDFTLTISRLEPEDFAVYYCQQYGSSPTFGGGTKVEIK	6.49e-09	RHH	BINDER	0.29	grey
CL99_GFRAL_M3_F36.0_RM	EVQLQESGGGVVQPGRSLRLSCAASGFTFSSYGMHWVRQAPGKGLEWLAVIWHDGSNKYYADSVKGRFTISRDNSKNTLYLQMNSLRAEDTAVYYCARGGPYFDILTGYDAFDLWGQGTMVTVSS	EIVLTQSPATLSLSPGERATLSCGASQSVSSSYLAWYQQKPGLAPRLLIYDTSSRATGIPDRFSGSGSGTDFTLTISRLEPEDFAVYYCQQYGSSPTFGGGTKVEIK	BINDER	CARGGPYFDILTGYDAFDLW	EVQLQESGGGVVQPGRSLRLSCAASGFTFSSYGMHWVRQAPGKGLEWLAVIWHDGSNKYYADSVKGRFTISRDNSKNTLYLQMNSLRAEDTAVYYCARGGPYFDILTGYDAFDLWGQGTMVTVSSEIVLTQSPATLSLSPGERATLSCGASQSVSSSYLAWYQQKPGLAPRLLIYDTSSRATGIPDRFSGSGSGTDFTLTISRLEPEDFAVYYCQQYGSSPTFGGGTKVEIK	2.33e-08	RM	BINDER	0.28	grey
CL106_GFRAL_M1_O	QVHLVESGGGLVKPGGSLRLSCAASGFTFSDYYMSWIRQAPGKGLEWVSYISSSGNTIYYADSVKGRFTISRDNAKNSLYLQMNSLRAEDTAVYYCARGQQLPYYYGLDVWGQGTTVTVSS	EIVMTQSPATLSVSPGERATLSCRASQSVNSNLAWYQQKPGQAPRLLIYGASTRATGIPARFSGSGSGTEFTLTISSLQSEDFAVYYCQQYNNWPYTFGQGTKLEIK	BINDER	CARGQQLPYYYGLDVW	QVHLVESGGGLVKPGGSLRLSCAASGFTFSDYYMSWIRQAPGKGLEWVSYISSSGNTIYYADSVKGRFTISRDNAKNSLYLQMNSLRAEDTAVYYCARGQQLPYYYGLDVWGQGTTVTVSSEIVMTQSPATLSVSPGERATLSCRASQSVNSNLAWYQQKPGQAPRLLIYGASTRATGIPARFSGSGSGTEFTLTISSLQSEDFAVYYCQQYNNWPYTFGQGTKLEIK	6.81e-09	O	BINDER	0.29	#CC0000
CL107_GFRAL_M1_O	QVQLVESGGGLVKPGGSLRLSCAASGFTFSDYYMSWIRQAPGKGLEWVSYISSSGRTIYYADSVKGRFTISRDNAKNSLYLQMNSLRAEDTAVYYCARGQQLPYYYGLDVWGQGTTVTVSS	EIVMTQSPATLSVSPGERATLSCRASQSVNSNLAWYQQKPGQAPRLLIYGASTRATGIPARFSGSGSGTEFTLTISSLQSEDFAVYYCQQYNNWPYTFGQGTKLEIK	WEAK BINDER	CARGQQLPYYYGLDVW	QVQLVESGGGLVKPGGSLRLSCAASGFTFSDYYMSWIRQAPGKGLEWVSYISSSGRTIYYADSVKGRFTISRDNAKNSLYLQMNSLRAEDTAVYYCARGQQLPYYYGLDVWGQGTTVTVSSEIVMTQSPATLSVSPGERATLSCRASQSVNSNLAWYQQKPGQAPRLLIYGASTRATGIPARFSGSGSGTEFTLTISSLQSEDFAVYYCQQYNNWPYTFGQGTKLEIK	1.8e-09	O	BINDER	0.28	#CC0000
CL108_GFRAL_M1_O	QVQLVESGGGVVQPGRSLRLSCAASGFTVSTYGIHWVRQAPGKGLEWVSVIWHAGNKKYYSDSVKGRFTISRDTSKNTVYLQMNSLRPEDTAVYFCARKSGSFHDAFEIWGQGTTVTVSS	EIVMTQSPATLSVSPGERATLSCRASQSVSSNLAWYQQKPGQAPRLLIYGASTRATGIPARFSGSGSGTEFTLTISSLQSEDFAVHYCQQYNNWPYTFGQGTKLEIK	NON BINDER	CARKSGSFHDAFEIW	QVQLVESGGGVVQPGRSLRLSCAASGFTVSTYGIHWVRQAPGKGLEWVSVIWHAGNKKYYSDSVKGRFTISRDTSKNTVYLQMNSLRPEDTAVYFCARKSGSFHDAFEIWGQGTTVTVSSEIVMTQSPATLSVSPGERATLSCRASQSVSSNLAWYQQKPGQAPRLLIYGASTRATGIPARFSGSGSGTEFTLTISSLQSEDFAVHYCQQYNNWPYTFGQGTKLEIK	1e-06	O	NON BINDER	0.27	#FF6666
CL109_GFRAL_M1-M3_O	QVQLVQSGAEVKKPGASVKVSCKASGYTFTSFGFSWVRQAPGQGLEWMGWISVYNGNTNYAQKLQGRVTMTTDTSTNTAYMELRSLRSDDTAVYYCARSRITMVRGVGGMDVWGQGTTVTVSS	DIQMTQSPSSLSASVGDRVTITCRASQGISNYLAWYQQKPGKVPKLLIYAASTLQSGVPSRFSGSGSGTDFTLTISSLQPEDVATYYCQKYNSAPYTFGQGTKLEIK	WEAK BINDER	CARSRITMVRGVGGMDVW	QVQLVQSGAEVKKPGASVKVSCKASGYTFTSFGFSWVRQAPGQGLEWMGWISVYNGNTNYAQKLQGRVTMTTDTSTNTAYMELRSLRSDDTAVYYCARSRITMVRGVGGMDVWGQGTTVTVSSDIQMTQSPSSLSASVGDRVTITCRASQGISNYLAWYQQKPGKVPKLLIYAASTLQSGVPSRFSGSGSGTDFTLTISSLQPEDVATYYCQKYNSAPYTFGQGTKLEIK	1.43e-07	O	BINDER	0.29	#FF6666
CL110_GFRAL_M1_O	QVQLVESGGGVVQPGRSLRLSCAASGFSFSSYGMHWVRQAPGKGLEWLAVIWHDGSNKYYVDSVKGRFTISRDNSKNTLYLQMNSLRAEDTAVYYCARDPPYYDILTGENYGMDVWGQGTTVTVSS	AIQMTQSPSSLSASVGDRVTITCRASQGIRNDLGWYQQKPGRAPKLLIYAASSLQSGVPSRFSGSGSGTDFTLTISGLQPEDFATYFCLQDYSYPYTFGQGTKLEIK	NON BINDER	CARDPPYYDILTGENYGMDVW	QVQLVESGGGVVQPGRSLRLSCAASGFSFSSYGMHWVRQAPGKGLEWLAVIWHDGSNKYYVDSVKGRFTISRDNSKNTLYLQMNSLRAEDTAVYYCARDPPYYDILTGENYGMDVWGQGTTVTVSSAIQMTQSPSSLSASVGDRVTITCRASQGIRNDLGWYQQKPGRAPKLLIYAASSLQSGVPSRFSGSGSGTDFTLTISGLQPEDFATYFCLQDYSYPYTFGQGTKLEIK	1e-06	O	NON BINDER	0.46	#FF6666
CL113_GFRAL_M2_O	QVHLVESGGGVVQPGRSLRLSCAASGFTFSNYGIHWVRQAPGKGLEWVAVISYDGSNKYYVDSVKGRFTISRDNSKNTLYLQMNSLKAEDTAVYYCARDHSGWLYNYYGMDVWGQGTTVTVSS	DIQLTQSPSFLSSSVGDRVTITCRASQGITSYLAWYQQKSGKAPKLLIYAASTLQRGVPSRFSGSGSGTEFTLTISSLQPEDFATYYCQQLNSYPYTFGQGTKLEIK	WEAK BINDER	CARDHSGWLYNYYGMDVW	QVHLVESGGGVVQPGRSLRLSCAASGFTFSNYGIHWVRQAPGKGLEWVAVISYDGSNKYYVDSVKGRFTISRDNSKNTLYLQMNSLKAEDTAVYYCARDHSGWLYNYYGMDVWGQGTTVTVSSDIQLTQSPSFLSSSVGDRVTITCRASQGITSYLAWYQQKSGKAPKLLIYAASTLQRGVPSRFSGSGSGTEFTLTISSLQPEDFATYYCQQLNSYPYTFGQGTKLEIK	5.75e-09	O	BINDER	0.28	#3399FF
CL115_GFRAL_M2_O	QVQLVESGGGVVQPGRSLRLSCAASGFTFSSYGMHWVRQAPGKGLEWVAVIWYDGSNKYYADSVKGRFTISRDNSKNTLYLQMNSLRAEDTAVYYCARDTAFDWLLTDSFDIWGQGTMVTVSS	DIQMTQSPSSLSASVGDRVTITCRASQGIRNDLGWYQQKPGKAPKRLIYAASSLQSGVPSRFSGSGSGTEFTLTISSLQPEDFATYYCLQHNSYPRTFGQGTKVEIK	BINDER	CARDTAFDWLLTDSFDIW	QVQLVESGGGVVQPGRSLRLSCAASGFTFSSYGMHWVRQAPGKGLEWVAVIWYDGSNKYYADSVKGRFTISRDNSKNTLYLQMNSLRAEDTAVYYCARDTAFDWLLTDSFDIWGQGTMVTVSSDIQMTQSPSSLSASVGDRVTITCRASQGIRNDLGWYQQKPGKAPKRLIYAASSLQSGVPSRFSGSGSGTEFTLTISSLQPEDFATYYCLQHNSYPRTFGQGTKVEIK	1.34e-08	O	BINDER	0.27	gold
CL116_GFRAL_M2_O	EVQLLESGGGLVQPGGSLRLSCAASGFTFSYFAMSWVRQAPGKGLEWVSAISDDGGNTYYEDSVKGRFTISRDNSKNTLYLQMNSLRAEDTAVYYCARDEGYFHYYGLDVWGQGTTVTVSS	AIQLTQSPSSLSASVGDRVTITCRASQGISSALAWYQQKPGKAPKLLIYDASSLESGVPSRFSGSGSGTDFTLTISSLQPEDFAPYYCQQFNNYPLTFGGGTKVEIK	WEAK BINDER	CARDEGYFHYYGLDVW	EVQLLESGGGLVQPGGSLRLSCAASGFTFSYFAMSWVRQAPGKGLEWVSAISDDGGNTYYEDSVKGRFTISRDNSKNTLYLQMNSLRAEDTAVYYCARDEGYFHYYGLDVWGQGTTVTVSSAIQLTQSPSSLSASVGDRVTITCRASQGISSALAWYQQKPGKAPKLLIYDASSLESGVPSRFSGSGSGTDFTLTISSLQPEDFAPYYCQQFNNYPLTFGGGTKVEIK	2.87e-11	O	BINDER	0.29	orange
CL118_GFRAL_M2_O	QVQLVESGGGVVQPGRSLRLSCAASGFTFSSYGMHWVRQAPGKGLEWVAVIWYDGSNKYYADSVKGRFTISRDNSKNTLYLQMNSLRAEDTAVYYCASPYYDILTALDYWGQGTLVTVSS	EIVMTQSPATLSVSPGERATLSCRASQSVSSNLAWYQQKPGQAPRLLIYGASTRATGIPARFSGSGSGTEFTLTISSLQSEDFAVYYCQQYNNWPPITFGQGTRLEIK	WEAK BINDER	CASPYYDILTALDYW	QVQLVESGGGVVQPGRSLRLSCAASGFTFSSYGMHWVRQAPGKGLEWVAVIWYDGSNKYYADSVKGRFTISRDNSKNTLYLQMNSLRAEDTAVYYCASPYYDILTALDYWGQGTLVTVSSEIVMTQSPATLSVSPGERATLSCRASQSVSSNLAWYQQKPGQAPRLLIYGASTRATGIPARFSGSGSGTEFTLTISSLQSEDFAVYYCQQYNNWPPITFGQGTRLEIK	8.7e-08	O	BINDER	0.31	gold
CL119_GFRAL_M2_O	EVQLLESGGGLIQPGGSLRLSCAASGFTFSNCAMSWVRQAPGKGLEWVSNMSGGGTKIYYAESVKGRFTISRDNSKNTLYLQMNSLRAEDTAVYYCAKEALWFGELSWIDPWGQGTLVTVSS	AIQLTQSPSSLSASVGDRVTITCRASQGISSALAWYQQKPGKAPKLLIYDASSLKSGVPSRFSGSGSGTDFTLTISSLQPEDFATYYCQQFNNYPYTFGQGTKLEIK	WEAK BINDER	CAKEALWFGELSWIDPW	EVQLLESGGGLIQPGGSLRLSCAASGFTFSNCAMSWVRQAPGKGLEWVSNMSGGGTKIYYAESVKGRFTISRDNSKNTLYLQMNSLRAEDTAVYYCAKEALWFGELSWIDPWGQGTLVTVSSAIQLTQSPSSLSASVGDRVTITCRASQGISSALAWYQQKPGKAPKLLIYDASSLKSGVPSRFSGSGSGTDFTLTISSLQPEDFATYYCQQFNNYPYTFGQGTKLEIK	4.55e-08	O	BINDER	0.32	gold
CL120_GFRAL_M2_O	QVQLVESGGGLVKPGGSLRLSCAASGFTFSDYYMSWIRQAPGKGLEWVSYISSSGSTIYYADSVKGRFTISRDNAKNSLYLQMNSLRAEDTAVYYCARDLLYYYGSGSYYRDAFDIWGQGTMVTVSS	EIVLTQSPATLSLSPGERATLSCRASQSVSSYLAWYQQKPGQAPRLLIYDASNRATGIPARFSGSGSGTDFTLTISSLEPEDFAVYYCQQRSNWPPWTFGQGTKVEIK	NON BINDER	CARDLLYYYGSGSYYRDAFDIW	QVQLVESGGGLVKPGGSLRLSCAASGFTFSDYYMSWIRQAPGKGLEWVSYISSSGSTIYYADSVKGRFTISRDNAKNSLYLQMNSLRAEDTAVYYCARDLLYYYGSGSYYRDAFDIWGQGTMVTVSSEIVLTQSPATLSLSPGERATLSCRASQSVSSYLAWYQQKPGQAPRLLIYDASNRATGIPARFSGSGSGTDFTLTISSLEPEDFAVYYCQQRSNWPPWTFGQGTKVEIK	1e-06	O	NON BINDER	0.28	gold
CL121_GFRAL_M2_O	QVQLVESGGGVVQPGRSLRLSCAASGFTFSSYGMHWVRQAPGKGLEWVAVIWYDGSNKYYADSVKGRFTISRDNSKNTLYLQMNSLRAEDTAVYYCARDYGGNYFDYWGQGTLVTVSS	EIVLTQSPATLSLSPGERATLSCRASQSVSSYLAWYQQKPGQAPRLLIYDASNRATGIPARFSGSGSGTDFTLTISSLEPEDFAVYYCQQRSNWPTFGQGTKVEIK	NON BINDER	CARDYGGNYFDYW	QVQLVESGGGVVQPGRSLRLSCAASGFTFSSYGMHWVRQAPGKGLEWVAVIWYDGSNKYYADSVKGRFTISRDNSKNTLYLQMNSLRAEDTAVYYCARDYGGNYFDYWGQGTLVTVSSEIVLTQSPATLSLSPGERATLSCRASQSVSSYLAWYQQKPGQAPRLLIYDASNRATGIPARFSGSGSGTDFTLTISSLEPEDFAVYYCQQRSNWPTFGQGTKVEIK	1e-06	O	NON BINDER	0.32	gold
CL123_GFRAL_M2-M3-M4_O	QVQLVESGGGVVQPGRSLRLSCAASGFTFSSYGMHWVRQAPGKGLEWVAVIWYDGSNKFYADSVKGRFSISRDNSKNTLYLQMNSLRAEDTAVYYCARDPPHYDILTGSLYGMDVWGQGTTVTVSS	AIQMTQSPSSLSASVGDRVTITCRASQGISSALAWYQQKPGKAPKLLIYDASSLESGVPSRFSGSGSGTDFTLTISSLQPEDFATYYCLQDYNYPLTFGGGTKVEVK	NON BINDER	CARDPPHYDILTGSLYGMDVW	QVQLVESGGGVVQPGRSLRLSCAASGFTFSSYGMHWVRQAPGKGLEWVAVIWYDGSNKFYADSVKGRFSISRDNSKNTLYLQMNSLRAEDTAVYYCARDPPHYDILTGSLYGMDVWGQGTTVTVSSAIQMTQSPSSLSASVGDRVTITCRASQGISSALAWYQQKPGKAPKLLIYDASSLESGVPSRFSGSGSGTDFTLTISSLQPEDFATYYCLQDYNYPLTFGGGTKVEVK	1e-06	O	NON BINDER	0.28	#66CC66
CL125_GFRAL_M3_O	QVQLVESGGGVVQPGRSLRLSCAASGFTFSSYGMHWVRQAPGKGLEWVAVIWYDGSNKYYADSVKGRFTISRDNSKNTLYLQMNSLRAEDTAVYYCARGGPYYDILTGYDAFDIWGQGTKVTVSS	EIVLTQSPATLSLSPGERATLSCGASQSVSSSYLAWYQQKPGLAPRLLIYDTSSRATGIPDRFSGSGSGTDFTLTISRLEPEDFAVYYCQQYGSSPTFGGGTKVEIK	WEAK BINDER	CARGGPYYDILTGYDAFDIW	QVQLVESGGGVVQPGRSLRLSCAASGFTFSSYGMHWVRQAPGKGLEWVAVIWYDGSNKYYADSVKGRFTISRDNSKNTLYLQMNSLRAEDTAVYYCARGGPYYDILTGYDAFDIWGQGTKVTVSSEIVLTQSPATLSLSPGERATLSCGASQSVSSSYLAWYQQKPGLAPRLLIYDTSSRATGIPDRFSGSGSGTDFTLTISRLEPEDFAVYYCQQYGSSPTFGGGTKVEIK	1.54e-08	O	BINDER	0.28	#66CC66
CL126_GFRAL_M1_O	QVQLVESGGGLVKPGGSLRLSCAASGFTFSDNYMSWIRQAPGKGLEWVSYISSSGSTIYYADSVKGRFTISRDNAKNSLYLQMNSLRAEDTAVYYCARELLWFGELSPFNYWGQGTLVTVSS	EIVLTQSPATLSLSPGERATLSCGASQSVSRSYLAWYQQKPGLAPRLLIYDASSRATGIPDRFSGSGSGTDFTLTISRLEPEDFAVYYCQQYGSSPRTFGQGTKVEIK	WEAK BINDER	CARELLWFGELSPFNYW	QVQLVESGGGLVKPGGSLRLSCAASGFTFSDNYMSWIRQAPGKGLEWVSYISSSGSTIYYADSVKGRFTISRDNAKNSLYLQMNSLRAEDTAVYYCARELLWFGELSPFNYWGQGTLVTVSSEIVLTQSPATLSLSPGERATLSCGASQSVSRSYLAWYQQKPGLAPRLLIYDASSRATGIPDRFSGSGSGTDFTLTISRLEPEDFAVYYCQQYGSSPRTFGQGTKVEIK	4.49e-09	O	BINDER	0.28	#CC0000
CL127_GFRAL_M1_O	EVQLLESGGGLIQPGGSLRLSCAASGFTFSSYAMNWVRQAPGKGLEWVSSILGSGGSTYYADSVKGRFTISRDNSKNTLYLQMNSLRAEDTAVYYCAAARNRISGSHDYWGQGTLVTVSS	EIVMTQSPATLSLSPGERATLSCRASQSVRSTYLSWYQQKPGQAPRLLIYGVSTRATGIPARFSGSGSGTDFTLTISSLQPEDFAVYYCQQDYNLLTFGGGTKVEMK	BINDER	CAAARNRISGSHDYW	EVQLLESGGGLIQPGGSLRLSCAASGFTFSSYAMNWVRQAPGKGLEWVSSILGSGGSTYYADSVKGRFTISRDNSKNTLYLQMNSLRAEDTAVYYCAAARNRISGSHDYWGQGTLVTVSSEIVMTQSPATLSLSPGERATLSCRASQSVRSTYLSWYQQKPGQAPRLLIYGVSTRATGIPARFSGSGSGTDFTLTISSLQPEDFAVYYCQQDYNLLTFGGGTKVEMK	7.59e-10	O	BINDER	0.84	#CC0000
CL128_GFRAL_M1_O	EVQLLESGGGLVQPGGSLRLSCAASGFTFNNYAMNWVRQAPGKGLEWVSAILGSGDSTYYADSVKGRFTISRDNSKNTLYLQMNSLRAEDTAVYYCAAARNRISGSHDYWGQGTLVTVSS	EIVMTQSPATLSLSPGERATLSCRASQNIRNSYLSWYQQKPGQAPRLLIYGASTRATGIPARFSGSGSGTDFTLTISSLQPEDFAVYYCQQDYNLLTFGGGTKVEMK	BINDER	CAAARNRISGSHDYW	EVQLLESGGGLVQPGGSLRLSCAASGFTFNNYAMNWVRQAPGKGLEWVSAILGSGDSTYYADSVKGRFTISRDNSKNTLYLQMNSLRAEDTAVYYCAAARNRISGSHDYWGQGTLVTVSSEIVMTQSPATLSLSPGERATLSCRASQNIRNSYLSWYQQKPGQAPRLLIYGASTRATGIPARFSGSGSGTDFTLTISSLQPEDFAVYYCQQDYNLLTFGGGTKVEMK	3.45e-10	O	BINDER	0.88	#FF9999
CL129_GFRAL_M1_O	QVQLVQSGAEVKKPGASVKVSCKVSGKIFTELSIHWVRQAPGKGLEWMGGFDPEDGETIYAQKFQGRVTMTEDTSTDTAYMELRSLRSEDSAVYYCTTGNLRYFDPYYYALDVWGQGTTVTVSS	DIQMTQSPSSLSASVGDRVTITCRASQDISNYLAWFQQKPGKAPKSLIYAASGLQRGVPSKFSGSGSGTDFTLTISSLQPEDFATYYCQQYNSYPFTFGPGTKVDMK	WEAK BINDER	CTTGNLRYFDPYYYALDVW	QVQLVQSGAEVKKPGASVKVSCKVSGKIFTELSIHWVRQAPGKGLEWMGGFDPEDGETIYAQKFQGRVTMTEDTSTDTAYMELRSLRSEDSAVYYCTTGNLRYFDPYYYALDVWGQGTTVTVSSDIQMTQSPSSLSASVGDRVTITCRASQDISNYLAWFQQKPGKAPKSLIYAASGLQRGVPSKFSGSGSGTDFTLTISSLQPEDFATYYCQQYNSYPFTFGPGTKVDMK	3.75e-11	O	BINDER	0.31	#CC0000
CL130_GFRAL_M1_O	EVQLLESGGGLVQPGGSLRLSCAASGLTFSSYAMNWVRQAPGKGLEWVSAILGSGGSTYYADSVKGRFTISRDNSKNTLYLQMNSLRAEDTAVYYCAAARNRIGGSHDYWGQGTLVTVSS	EIVMTQSPATLSLSPGERATLSCRASQSLRNSYLSWYQQKPGQAPRLLIYGASTRATGIPARFSGSGSGTDFTLTISSLQPEDFAVYYCQQDYNLLTFGGGTKVEMK	BINDER	CAAARNRIGGSHDYW	EVQLLESGGGLVQPGGSLRLSCAASGLTFSSYAMNWVRQAPGKGLEWVSAILGSGGSTYYADSVKGRFTISRDNSKNTLYLQMNSLRAEDTAVYYCAAARNRIGGSHDYWGQGTLVTVSSEIVMTQSPATLSLSPGERATLSCRASQSLRNSYLSWYQQKPGQAPRLLIYGASTRATGIPARFSGSGSGTDFTLTISSLQPEDFAVYYCQQDYNLLTFGGGTKVEMK	1.2e-10	O	BINDER	0.92	#CC0000
CL131_GFRAL_M1_O	QVQLVESGGGLVKPGGSLRLSCAASGFTFSDYYMSWIRQAPGKGLEWVSYISSSGRTIYYADSVKGRFTISRDNVKNSLYLQMNSLRAEDTAVYYCARGQQLPYYYGLDVWGQGTTVTVSS	EIVMTQSPATLSVSPGERATLSCRASQSVSSNLAWYQQKPGQAPRLLIYGASTRATGIPARFSGSGSGTEFTLTISSLQSEDFAVYYCQQYNNWPYTFGQGTKLEIK	BINDER	CARGQQLPYYYGLDVW	QVQLVESGGGLVKPGGSLRLSCAASGFTFSDYYMSWIRQAPGKGLEWVSYISSSGRTIYYADSVKGRFTISRDNVKNSLYLQMNSLRAEDTAVYYCARGQQLPYYYGLDVWGQGTTVTVSSEIVMTQSPATLSVSPGERATLSCRASQSVSSNLAWYQQKPGQAPRLLIYGASTRATGIPARFSGSGSGTEFTLTISSLQSEDFAVYYCQQYNNWPYTFGQGTKLEIK	1e-06	O	BINDER	0.29	#CC0000
CL134_GFRAL_M3_O	EVQLVQSGAEVKKPGESLKISCKVSGYTFSNYWIGWVRQMPGKGLDWMGIIYPGDSDTRYSPSFQGQVTISADKSISTAYLQWSSLKASDTAIYFCARDDRNSGFDYWGQGTLVTVSS	EIVLTQSPATLSLSPGERATLSCRASQSVSSSYLAWYQQKPGLAPRLLIYDASSRATGIPARFSGSGSGTDFTLTISSLQPEDFATYYCLQDYNFPLTFGGGTKVEIK	NON BINDER	CARDDRNSGFDYW	EVQLVQSGAEVKKPGESLKISCKVSGYTFSNYWIGWVRQMPGKGLDWMGIIYPGDSDTRYSPSFQGQVTISADKSISTAYLQWSSLKASDTAIYFCARDDRNSGFDYWGQGTLVTVSSEIVLTQSPATLSLSPGERATLSCRASQSVSSSYLAWYQQKPGLAPRLLIYDASSRATGIPARFSGSGSGTDFTLTISSLQPEDFATYYCLQDYNFPLTFGGGTKVEIK	1e-06	O	NON BINDER	0.48	orange
CL135_GFRAL_M3_O	QVQLVQSGAEVKKPGASVKVSCKASGYTFTSYGISWVRQAPGQGLEWMGWTSAYNGNTNYAQKLQGRVTMTTNTSTSTAYMELRSLRSDDAAVYYCARRYSGPGSYYYYYGMDVWGQGTTVTVSS	EIVMTQSPATLSLSPGERATLSCRASQSVSSSYLSWYQQKPGQAPRLLIYGASTRATGIPARFSGSGSGTDFTLTISSLQPEDFAAYYCQQFNNYPLTFGGGTKVEIK	NON BINDER	CARRYSGPGSYYYYYGMDVW	QVQLVQSGAEVKKPGASVKVSCKASGYTFTSYGISWVRQAPGQGLEWMGWTSAYNGNTNYAQKLQGRVTMTTNTSTSTAYMELRSLRSDDAAVYYCARRYSGPGSYYYYYGMDVWGQGTTVTVSSEIVMTQSPATLSLSPGERATLSCRASQSVSSSYLSWYQQKPGQAPRLLIYGASTRATGIPARFSGSGSGTDFTLTISSLQPEDFAAYYCQQFNNYPLTFGGGTKVEIK	1e-06	O	NON BINDER	0.3	#66CC66
CL136_GFRAL_M3_O	QVQLVESGGGVVQPGRSLRLSCAASGFTFSSYGMHWVRQAPGKGLEWVAVIWYDGSNKKYVDSVKGRFTISRDNSKNTLYLQMNSLRVEDTAVYYCARNIAVAGTGDYYYYYGMDVWGQGTTVTVSS	DIQMTQSPSSLSASVGDRVTITCRASQGIRNDLGWYQQKPGKAPKRLIYAASSLQSGVPSRFSGSGSGTEFTLTISSLQPEDFATYYCLQHNSYPSTFGQGTKVEIK	NON BINDER	CARNIAVAGTGDYYYYYGMDVW	QVQLVESGGGVVQPGRSLRLSCAASGFTFSSYGMHWVRQAPGKGLEWVAVIWYDGSNKKYVDSVKGRFTISRDNSKNTLYLQMNSLRVEDTAVYYCARNIAVAGTGDYYYYYGMDVWGQGTTVTVSSDIQMTQSPSSLSASVGDRVTITCRASQGIRNDLGWYQQKPGKAPKRLIYAASSLQSGVPSRFSGSGSGTEFTLTISSLQPEDFATYYCLQHNSYPSTFGQGTKVEIK	1e-06	O	NON BINDER	0.44	#66CC66
CL137_GFRAL_M2_O	QVQLVESGGGLVKPGGSLRLSCAASGFTFSDYYMSWIRQAPGKGLEWVSYISSSGNTIYYADSVKGRFTISRDNAKNSLYLQMNSLRTEDTAVYYCARGQQLPYYYGLDVWGQGTTVTVSS	EIVMTQSPATLSVSPGERATLSCRASQSVRSNLAWYQQKPGQAPRLLIYGASTRATGIPARFSGSGSGTEFTLTISSLQSEDFAVYYCQQYHNWPYTFGQGTKLEIK	BINDER	CARGQQLPYYYGLDVW	QVQLVESGGGLVKPGGSLRLSCAASGFTFSDYYMSWIRQAPGKGLEWVSYISSSGNTIYYADSVKGRFTISRDNAKNSLYLQMNSLRTEDTAVYYCARGQQLPYYYGLDVWGQGTTVTVSSEIVMTQSPATLSVSPGERATLSCRASQSVRSNLAWYQQKPGQAPRLLIYGASTRATGIPARFSGSGSGTEFTLTISSLQSEDFAVYYCQQYHNWPYTFGQGTKLEIK	2.26e-09	O	BINDER	0.3	#CC0000
CL138_GFRAL_M2_O	EVQLLESGGGLIQPGGSLRLSCAASGFTFSNYAMSWVRQAPGKGLEWVSSISGSGGNTYYADSVKGRFTISRDNSKNTLYLQMTSLRAEDTAVFYCARRYSGILGYFDYWGQGTLVTVSS	EIVMTQSPATLSLSPGERATLSCRASQSVRSTYLSWYQQKLGQAPRLLIYGALTRATGIPARFSGSGSGTDFTLTISSLQPEDFAVYYCQQDYNLPFTFGPGTKVDIK	BINDER	CARRYSGILGYFDYW	EVQLLESGGGLIQPGGSLRLSCAASGFTFSNYAMSWVRQAPGKGLEWVSSISGSGGNTYYADSVKGRFTISRDNSKNTLYLQMTSLRAEDTAVFYCARRYSGILGYFDYWGQGTLVTVSSEIVMTQSPATLSLSPGERATLSCRASQSVRSTYLSWYQQKLGQAPRLLIYGALTRATGIPARFSGSGSGTDFTLTISSLQPEDFAVYYCQQDYNLPFTFGPGTKVDIK	3.18e-09	O	BINDER	0.28	#FF6666
CL139_GFRAL_M2_O	QVQLVESGGGVVQPGRSLRLSCAASGFTFSSYGMHWVRQAPGKGLEWVAVIWYDGSNKYYVDSVKGRFTISRDNSKNTLYLQMNSLRAEDTAVYYCARDPPHYDILTGSLYGMDVWGQGTTVTVSS	AIQMTQSPSSLSASVGDRVTITCRASQGIRNDLGWYQQKPGKAPKLLIYAASSLQSGVPSRFSGSGSGTDFTLTINILQPEDFATYFCLQDYNYPFTFGPGTKVDIK	NON BINDER	CARDPPHYDILTGSLYGMDVW	QVQLVESGGGVVQPGRSLRLSCAASGFTFSSYGMHWVRQAPGKGLEWVAVIWYDGSNKYYVDSVKGRFTISRDNSKNTLYLQMNSLRAEDTAVYYCARDPPHYDILTGSLYGMDVWGQGTTVTVSSAIQMTQSPSSLSASVGDRVTITCRASQGIRNDLGWYQQKPGKAPKLLIYAASSLQSGVPSRFSGSGSGTDFTLTINILQPEDFATYFCLQDYNYPFTFGPGTKVDIK	1e-06	O	NON BINDER	0.29	#66CC66
CL142_GFRAL_M1_SC	QVQLVQSGAEVKKPGASVKVSCKVSGYILTEFSIHWVRQAPGKGLEWMGGLDPEDGETIYAQKFQGRVSMTEDTSTDTAYMEVSSLRSEDTAVYYCATGNFRYFDPYYYAMDVWGQGTTVTVSS	DIQMTQSPSSLSASVGDRVTITCRASQGISNYLAWFQQKPGKAPKSLIYAASNLQSGVPSKFSGSGSGTDFTLTISSLQPEDFATYYCQQYNSYPFTFGPGTKVDIK	WEAK BINDER	CATGNFRYFDPYYYAMDVW	QVQLVQSGAEVKKPGASVKVSCKVSGYILTEFSIHWVRQAPGKGLEWMGGLDPEDGETIYAQKFQGRVSMTEDTSTDTAYMEVSSLRSEDTAVYYCATGNFRYFDPYYYAMDVWGQGTTVTVSSDIQMTQSPSSLSASVGDRVTITCRASQGISNYLAWFQQKPGKAPKSLIYAASNLQSGVPSKFSGSGSGTDFTLTISSLQPEDFATYYCQQYNSYPFTFGPGTKVDIK	7.48e-10	SC	BINDER	0.36	#CC0000
CL143_GFRAL_M1_SC	QVQLVQSGAEVKKPGASVKVSCKASGYTFTSYGISWVRQAPGQGLEWMGWISVYNGNTDYAQKLQGRVTMTTDTSTSTAYMELRSLRSDDTAVYYCARAPITMIRGAGGMGVWGQGTTVTVSS	DIQMTQSPSSLSASVGDRVTITCRASQGISSWLAWYQQKPEKAPKSLIYAASSLQSGVPSRFSGSGSGTDFTLTISSLQPEDFATYYCQQYNSYPYTFGQGTKLEIK	BINDER	CARAPITMIRGAGGMGVW	QVQLVQSGAEVKKPGASVKVSCKASGYTFTSYGISWVRQAPGQGLEWMGWISVYNGNTDYAQKLQGRVTMTTDTSTSTAYMELRSLRSDDTAVYYCARAPITMIRGAGGMGVWGQGTTVTVSSDIQMTQSPSSLSASVGDRVTITCRASQGISSWLAWYQQKPEKAPKSLIYAASSLQSGVPSRFSGSGSGTDFTLTISSLQPEDFATYYCQQYNSYPYTFGQGTKLEIK	1e-06	SC	BINDER	0.28	#CC0000
CL144_GFRAL_M1_SC	QVQLVDSGGGLVKPGGSLRLSCAASGFTFSDYYMSWIRQAPGKGLEWVSYITSSGHTIYYADSVKGRFTISRDNAKNSLYLQMNSLRAGDTALYYCARGQQLPYYYGVDVWGQGTTVTVSS	EIVMTQSPATLSVSPGERATLSCRASQSVRSNLAWYQQKPGQAPRLLIYGASTRATGIPARFSGSGSGTEFTLTISSLQSEDFAVYYCQQYHNWPYTFGQGTKLEIK	BINDER	CARGQQLPYYYGVDVW	QVQLVDSGGGLVKPGGSLRLSCAASGFTFSDYYMSWIRQAPGKGLEWVSYITSSGHTIYYADSVKGRFTISRDNAKNSLYLQMNSLRAGDTALYYCARGQQLPYYYGVDVWGQGTTVTVSSEIVMTQSPATLSVSPGERATLSCRASQSVRSNLAWYQQKPGQAPRLLIYGASTRATGIPARFSGSGSGTEFTLTISSLQSEDFAVYYCQQYHNWPYTFGQGTKLEIK	1.82e-09	SC	BINDER	0.29	#CC0000
CL145_GFRAL_M1_SC	QVQLVESGGGLVKPGGSLRLSCAASGFTFSDYYMNWVRQAPGKGLEWVSYISGSGRTIYYADSVKGRFTISRDNVKNSLYLHMNSLRAEDTAVYYCARGQQLPYYYGLGVWGQGTTVTVSS	EIVMTQSPATLSVSPGERATLSCRASQSLSSNLAWYQQKPGQAPRLLIYAASTRATGIPARFSGSGSGTEFTLTIGSLQSEDFAVYYCQQYHNWPYTFGQGTKLEIK	BINDER	CARGQQLPYYYGLGVW	QVQLVESGGGLVKPGGSLRLSCAASGFTFSDYYMNWVRQAPGKGLEWVSYISGSGRTIYYADSVKGRFTISRDNVKNSLYLHMNSLRAEDTAVYYCARGQQLPYYYGLGVWGQGTTVTVSSEIVMTQSPATLSVSPGERATLSCRASQSLSSNLAWYQQKPGQAPRLLIYAASTRATGIPARFSGSGSGTEFTLTIGSLQSEDFAVYYCQQYHNWPYTFGQGTKLEIK	5e-10	SC	BINDER	0.43	#CC0000
CL146_GFRAL_M1_SC	QVQLVQSGAEVKKPGASVKVSCKVSGKIFTELFNHWVRQAPGRGLEWMGGFDPEDGETIYAQKFQGRVTMTEDTSTDTAYMELRSLRSEDSAVYYCTTGNLRYFDPYYYALDVWGQGTTVTVSS	DIQMTQSPSSLSASVGDRVTITCRASQDISNYLAWFQQKPGKAPKSLIYAASGLQRGVPSKFSGSGSGTDFTLTISSLQPEDFATYYCQQYNSYPFTFGPGTKVDMK	BINDER	CTTGNLRYFDPYYYALDVW	QVQLVQSGAEVKKPGASVKVSCKVSGKIFTELFNHWVRQAPGRGLEWMGGFDPEDGETIYAQKFQGRVTMTEDTSTDTAYMELRSLRSEDSAVYYCTTGNLRYFDPYYYALDVWGQGTTVTVSSDIQMTQSPSSLSASVGDRVTITCRASQDISNYLAWFQQKPGKAPKSLIYAASGLQRGVPSKFSGSGSGTDFTLTISSLQPEDFATYYCQQYNSYPFTFGPGTKVDMK	1.11e-10	SC	BINDER	0.28	#CC0000
CL147_GFRAL_M1_SC	EVQLLESGGGLVQPGGSLRLSCAASGLTFSSFAMSWVRQAPGKGLEWVSAILGSGDSTYYADSVKGRFTISRDNSKNTLYLQMNSLRAEDTAVYYCAAARNRIGGSHDYWGQGTLVTVSS	EIVMTQSPATLSLSPGERATLSCRASQSVRNSYLSWYQQKPGQAPRLLIYGASTRATGIPARFSGSGSGTDFTLTISSLQPEDFAVYYCQQDYNLLTFGGGTKVEMK	BINDER	CAAARNRIGGSHDYW	EVQLLESGGGLVQPGGSLRLSCAASGLTFSSFAMSWVRQAPGKGLEWVSAILGSGDSTYYADSVKGRFTISRDNSKNTLYLQMNSLRAEDTAVYYCAAARNRIGGSHDYWGQGTLVTVSSEIVMTQSPATLSLSPGERATLSCRASQSVRNSYLSWYQQKPGQAPRLLIYGASTRATGIPARFSGSGSGTDFTLTISSLQPEDFAVYYCQQDYNLLTFGGGTKVEMK	6.52e-11	SC	BINDER	0.91	#CC0000
CL148_GFRAL_M1_SC	QVQLVQSGAEVKKPGASVKVSCKVSGKIFTELSMHWVRQAPGKGLEWMGGFDPEDGETIYAQKFQGRVTMTEDTSTDTAYMELSSLRSEDTAVYYCTTGNLRYFDPYYYGLDVWGQGTTVTVSS	DIQMTQSPSSLSASVGDRVTITCRASQDISNYLAWFQQKPGKAPKSLIYAASGLQSGVPSKFSGSGSGTDFTLTISSLQPEDFATYYCQQYNSYPFAFGPGTKVDIK	BINDER	CTTGNLRYFDPYYYGLDVW	QVQLVQSGAEVKKPGASVKVSCKVSGKIFTELSMHWVRQAPGKGLEWMGGFDPEDGETIYAQKFQGRVTMTEDTSTDTAYMELSSLRSEDTAVYYCTTGNLRYFDPYYYGLDVWGQGTTVTVSSDIQMTQSPSSLSASVGDRVTITCRASQDISNYLAWFQQKPGKAPKSLIYAASGLQSGVPSKFSGSGSGTDFTLTISSLQPEDFATYYCQQYNSYPFAFGPGTKVDIK	4.55e-09	SC	BINDER	0.28	#CC0000
CL149_GFRAL_M1_SC	QVQLVQSGAEVKKPGASVKVSCKVSGKIFTEFSMHWVRQAPGKGLEWMGGFDPEDDETIFAQKFQGRVTMTEDTSTDTAYMELSSLRSEDTAVYYCTTGNLRYFDPYYFGLDVWGQGTTVTVSS	DIQMTQSPSSLSASVGDRVTITCRASQDISNYLAWFQQKPGKAPKSLIYAASGLQSGVPSKFSGSGSGTDFTLTISSLQPEDFATYYCQQYNSYPFTFGPGTKVDIK	WEAK BINDER	CTTGNLRYFDPYYFGLDVW	QVQLVQSGAEVKKPGASVKVSCKVSGKIFTEFSMHWVRQAPGKGLEWMGGFDPEDDETIFAQKFQGRVTMTEDTSTDTAYMELSSLRSEDTAVYYCTTGNLRYFDPYYFGLDVWGQGTTVTVSSDIQMTQSPSSLSASVGDRVTITCRASQDISNYLAWFQQKPGKAPKSLIYAASGLQSGVPSKFSGSGSGTDFTLTISSLQPEDFATYYCQQYNSYPFTFGPGTKVDIK	1.24e-09	SC	BINDER	0.32	#CC0000
CL150_GFRAL_M1_SC	QVQLVESGGGLVKPGGSLRLSCAASGFTFSDYYMSWIRQAPGKGLEWLSYISGTGSTIYYADSVKGRFTISRDNAKNSLYLQMNSLRAEDTAVYYCARDRGGMDVWGQGTTVTVSS	EIVMTQSPATLSLSPGERATLSCRASKSVSSSFLFWYQQKPGQAPRLLIDGTSTRATGIPDRFSGSGSGTDFTLTISNLQPEDFAVYSCQQDYNLPLTFGGGTKVEIK	WEAK BINDER	CARDRGGMDVW	QVQLVESGGGLVKPGGSLRLSCAASGFTFSDYYMSWIRQAPGKGLEWLSYISGTGSTIYYADSVKGRFTISRDNAKNSLYLQMNSLRAEDTAVYYCARDRGGMDVWGQGTTVTVSSEIVMTQSPATLSLSPGERATLSCRASKSVSSSFLFWYQQKPGQAPRLLIDGTSTRATGIPDRFSGSGSGTDFTLTISNLQPEDFAVYSCQQDYNLPLTFGGGTKVEIK	2.46e-10	SC	BINDER	0.45	#CC0000
CL151_GFRAL_M1_SC	QVQLVESGGGLVKPGGSLRLSCAASGFTFRDYYMSWIRQAPGKGLEWVSYISSTGRTIYYADSVKGRFTISRDNAKNSLYLQMNSLRADDTAVYYCARGQQLPYYYGMGVWGQGTTVTVSS	EIVMTQSPATLSVSPGERATLSCRASQSVNSNLAWYQQKPGQAPRLLIYATSTRATGIPARFSGSGSGTEFTLTISSLQSEDFAVYYCQQYHNWPYTFGQGTKLEIK	BINDER	CARGQQLPYYYGMGVW	QVQLVESGGGLVKPGGSLRLSCAASGFTFRDYYMSWIRQAPGKGLEWVSYISSTGRTIYYADSVKGRFTISRDNAKNSLYLQMNSLRADDTAVYYCARGQQLPYYYGMGVWGQGTTVTVSSEIVMTQSPATLSVSPGERATLSCRASQSVNSNLAWYQQKPGQAPRLLIYATSTRATGIPARFSGSGSGTEFTLTISSLQSEDFAVYYCQQYHNWPYTFGQGTKLEIK	2.25e-09	SC	BINDER	0.28	#FF6666
CL152_GFRAL_M1_SC	QVQLVESGGGLVKPGGSLRLSCAASGFTFSDYYMSWIRQAPGKGLEWVSYISGSGRTIYYADSVKGRFTISRDNAKNSLSLQMNSLRAEDTAVYNCARGQQLPYYYGLGVWGQGTTVTVSS	EIVMTQSPATLSVSPGERATLSCRASQSVSSNLAWYQQKPGQAPRLLIYGASTRATGIPARFSGSGSGTEFTLTISSLQSEDFAVYYCQQYHNWPYTFGQGTKLDIK	BINDER	CARGQQLPYYYGLGVW	QVQLVESGGGLVKPGGSLRLSCAASGFTFSDYYMSWIRQAPGKGLEWVSYISGSGRTIYYADSVKGRFTISRDNAKNSLSLQMNSLRAEDTAVYNCARGQQLPYYYGLGVWGQGTTVTVSSEIVMTQSPATLSVSPGERATLSCRASQSVSSNLAWYQQKPGQAPRLLIYGASTRATGIPARFSGSGSGTEFTLTISSLQSEDFAVYYCQQYHNWPYTFGQGTKLDIK	1.03e-09	SC	BINDER	0.29	#FF6666
CL153_GFRAL_M1_SC	QVHLVQSGAEVKKPGASVKVSCKASGYTFTSYGISWVRQAPGQGLEWMGWITANNGNLNYAQKLQGRVTMTTDTSTNTAYMELRSLRSDDTAVYYCARSRFTMVWGVGGMDVWGQGTTVTVSS	DIQMTQSPSSLSASVGDRVTITCRASQGISNYLAWYQQKPGKVPKLLIYAASTLQSGVPSRFSGSGSGTDFTLTISSLQPEDVATYYCQNYNSAPYTFGQGTKLEIK	BINDER	CARSRFTMVWGVGGMDVW	QVHLVQSGAEVKKPGASVKVSCKASGYTFTSYGISWVRQAPGQGLEWMGWITANNGNLNYAQKLQGRVTMTTDTSTNTAYMELRSLRSDDTAVYYCARSRFTMVWGVGGMDVWGQGTTVTVSSDIQMTQSPSSLSASVGDRVTITCRASQGISNYLAWYQQKPGKVPKLLIYAASTLQSGVPSRFSGSGSGTDFTLTISSLQPEDVATYYCQNYNSAPYTFGQGTKLEIK	4.23e-09	SC	BINDER	0.3	orange
CL154_GFRAL_M1_SC	QVQLVESGGGLVKPGGSLRLSCAASGFTFSDYYMSWIRQAPGKGLEWVSYISSSGRTIYYADSVKGRFTISRDNVKNSLYLQMNSLRAEDTAVYYCARGQQLPYYYGLGVWGQGTTVTVSS	EIVMTQSPAALSVSPGERATLSCRASQSVSSNLAWYQQKPGQAPRLLIYAASTRATGIPARFSGSGSGTEFTLTISSLQSEDFAVYYCQQYNNWPYTFGQGTKLEIK	BINDER	CARGQQLPYYYGLGVW	QVQLVESGGGLVKPGGSLRLSCAASGFTFSDYYMSWIRQAPGKGLEWVSYISSSGRTIYYADSVKGRFTISRDNVKNSLYLQMNSLRAEDTAVYYCARGQQLPYYYGLGVWGQGTTVTVSSEIVMTQSPAALSVSPGERATLSCRASQSVSSNLAWYQQKPGQAPRLLIYAASTRATGIPARFSGSGSGTEFTLTISSLQSEDFAVYYCQQYNNWPYTFGQGTKLEIK	1.35e-09	SC	BINDER	0.29	#FF6666
CL155_GFRAL_M1_SC	QVQLVESGGGLVKPGGSLRLSCAASGFTFSDYYMSWIRQAPGKGLEWVSYISSSGRTIYYADSVKGRLTISRDNAKNSLYLQMNSLRAEDTAVYYCARGQQLPYYYGVGVWGQGTTVTVSS	EIVMTQSPATLSVSPGERATLSCRASQSVSSNLAWYQQKPGQAPRLLIYGASTRATGIPARFSGSGSGSEFTLTISSLQSEDFAVYYCQQYYNWPYTFGQGTKLEIK	WEAK BINDER	CARGQQLPYYYGVGVW	QVQLVESGGGLVKPGGSLRLSCAASGFTFSDYYMSWIRQAPGKGLEWVSYISSSGRTIYYADSVKGRLTISRDNAKNSLYLQMNSLRAEDTAVYYCARGQQLPYYYGVGVWGQGTTVTVSSEIVMTQSPATLSVSPGERATLSCRASQSVSSNLAWYQQKPGQAPRLLIYGASTRATGIPARFSGSGSGSEFTLTISSLQSEDFAVYYCQQYYNWPYTFGQGTKLEIK	1e-06	SC	BINDER	0.28	#FF6666
CL156_GFRAL_M1_SC	EVQLLESGGGLVQPGGSLRLSCAASGFTFSYFAMSWVRQAPGKGLEWVSAISDDGGNTYYEDSVKGRFTISRDNSKKTLYLQLNSLRAEDTAVYYCARDEGYFHYYGLDVWGQGTTVTVSS	AIQLTQSPSSLSASVGDRVTITCRASQGISSALAWYQQKPGKAPKLLIYDASSLESGVPSRFSGSGSGTDFTLTISSLQPEDFAPYYCQQFNNYPLTFGGGTKVEIK	WEAK BINDER	CARDEGYFHYYGLDVW	EVQLLESGGGLVQPGGSLRLSCAASGFTFSYFAMSWVRQAPGKGLEWVSAISDDGGNTYYEDSVKGRFTISRDNSKKTLYLQLNSLRAEDTAVYYCARDEGYFHYYGLDVWGQGTTVTVSSAIQLTQSPSSLSASVGDRVTITCRASQGISSALAWYQQKPGKAPKLLIYDASSLESGVPSRFSGSGSGTDFTLTISSLQPEDFAPYYCQQFNNYPLTFGGGTKVEIK	2.93e-10	SC	BINDER	0.3	gold
CL157_GFRAL_M1_SC	QVQLVESGGGVVQPGESLRLSCAASGFTFSSYGMHWVRQAPGKGLEWVAVIWYDGSNKNYADSVKGRFTISRDNSKNTVYLQMNSLRAEDTAVYYCARGGHIIMVRGPSAYWGQGTLVTVSS	AIQMTQSPSSLSASVGDRVTITCRASQDIRNDLGWYQQKPGKAPELLIYAASSLQSGVPSRFSGSGSGTDFTLTISSLQPEDFATYYCLQDYNYPYTFGQGTKLEIK	WEAK BINDER	CARGGHIIMVRGPSAYW	QVQLVESGGGVVQPGESLRLSCAASGFTFSSYGMHWVRQAPGKGLEWVAVIWYDGSNKNYADSVKGRFTISRDNSKNTVYLQMNSLRAEDTAVYYCARGGHIIMVRGPSAYWGQGTLVTVSSAIQMTQSPSSLSASVGDRVTITCRASQDIRNDLGWYQQKPGKAPELLIYAASSLQSGVPSRFSGSGSGTDFTLTISSLQPEDFATYYCLQDYNYPYTFGQGTKLEIK	7.3e-09	SC	BINDER	0.36	#FF6666
CL158_GFRAL_M1_SC	EVQLLESGGGLVQPGGSLRLSCAASGFTFSNFAMSWVRQAPGKGLEWVSAISDSGGNTYYADSVKGRFTISRDNSKNTLYLQMNSLRAEDTAVYYCAKDEGYFHYHGMDVWGQGTTVTVSS	AIQLTQSPSSLSASVGDRVTITCRASQGISSALAWYQQKPGKAPKLLIYDASSLESGVPSRFSGSGSGTDFTLTISSLQPEDFAAYYCQQFNNYPLTFGGGTKVEIK	WEAK BINDER	CAKDEGYFHYHGMDVW	EVQLLESGGGLVQPGGSLRLSCAASGFTFSNFAMSWVRQAPGKGLEWVSAISDSGGNTYYADSVKGRFTISRDNSKNTLYLQMNSLRAEDTAVYYCAKDEGYFHYHGMDVWGQGTTVTVSSAIQLTQSPSSLSASVGDRVTITCRASQGISSALAWYQQKPGKAPKLLIYDASSLESGVPSRFSGSGSGTDFTLTISSLQPEDFAAYYCQQFNNYPLTFGGGTKVEIK	1.23e-09	SC	BINDER	0.29	orange
CL159_GFRAL_M1_SC	EVQLLESGGGLVQPGGSLRLSCAASGFTFSSYAMNWVRQAPGKGLEWVSAILGSGGSTYYADSVKGRFTISRDNSKNTLYLQMNSLRAEDTAVYYCAAARNRFSGSHDYWGQGTLVTVSS	EIVMTQSPATLSLSPGERATLSCRASQSVSSSYLSWNQQKPGQAPRLLICGAFIRATGIPARFSGSGSGTDFTLTICSLQPEDFAVSYCQQQYNFFGQGTKLEIK	NON BINDER	CAAARNRFSGSHDYW	EVQLLESGGGLVQPGGSLRLSCAASGFTFSSYAMNWVRQAPGKGLEWVSAILGSGGSTYYADSVKGRFTISRDNSKNTLYLQMNSLRAEDTAVYYCAAARNRFSGSHDYWGQGTLVTVSSEIVMTQSPATLSLSPGERATLSCRASQSVSSSYLSWNQQKPGQAPRLLICGAFIRATGIPARFSGSGSGTDFTLTICSLQPEDFAVSYCQQQYNFFGQGTKLEIK	1e-06	SC	NON BINDER	0.73	#FF6666
CL160_GFRAL_M1_SC	EVQLLESGGGLVQPGGSLRLSCAASGFTFSSYAMSWVRQAPGKGLEWVSAISGSGGSTYYADSVKGRFTISRDNSKNTLYLQMNSLRAEDTAVYYCAKDRLFGSGLDYWGQGTLVTVSS	EIVMTQSPATLSLSPGERATLSCRASQSVSSSYLSWYQQKPGQAPRLLIYGVSTRATGIPARFSGSGSGTDFTLTISSLQPEDFAVYYCQQDYNLRTFGQGTKVEIK	BINDER	CAKDRLFGSGLDYW	EVQLLESGGGLVQPGGSLRLSCAASGFTFSSYAMSWVRQAPGKGLEWVSAISGSGGSTYYADSVKGRFTISRDNSKNTLYLQMNSLRAEDTAVYYCAKDRLFGSGLDYWGQGTLVTVSSEIVMTQSPATLSLSPGERATLSCRASQSVSSSYLSWYQQKPGQAPRLLIYGVSTRATGIPARFSGSGSGTDFTLTISSLQPEDFAVYYCQQDYNLRTFGQGTKVEIK	8.33e-10	SC	BINDER	0.85	orange
CL161_GFRAL_M1_SC	EVQLLESGGGLVQPGESLRLSCAASGFTFSNYAMNWVRQAPGKGLEWVSGISGSGGSTYYADSVKGRFTISRDNSKNALYLQMNSLRAEDTAVYFCAKRESGSYGFFDCWGQGTLVTVSS	EIVMTQSPATLSLSPGERATLSCRASQSVSSRYLSWYQQKPGQAPRLLIYGASTRATGIPARFSGSGSGTDFTLTISSLQPEDFAVYYCQQDYNLPFTFGPGTKVDIK	BINDER	CAKRESGSYGFFDCW	EVQLLESGGGLVQPGESLRLSCAASGFTFSNYAMNWVRQAPGKGLEWVSGISGSGGSTYYADSVKGRFTISRDNSKNALYLQMNSLRAEDTAVYFCAKRESGSYGFFDCWGQGTLVTVSSEIVMTQSPATLSLSPGERATLSCRASQSVSSRYLSWYQQKPGQAPRLLIYGASTRATGIPARFSGSGSGTDFTLTISSLQPEDFAVYYCQQDYNLPFTFGPGTKVDIK	5.87e-09	SC	BINDER	0.3	orange
CL163_GFRAL_M1_SC	QVQLVESGGGLVKPGGSLRLSCAASGFTFSDSYMSWIRQAPGKGLEWVSFISSSGRTIYYADSVKGRFTISRDNAKNSLYLQMNSLRAEDTAVYYCARELLWFGELSPFDYWGQGTLVTVSS	EIVLTQSPATLSLSPGERATLSCGASQSVSSSYLAWYQQKPGLAPRLLIFDAFSRATGIPDRFSGSGSGTDFTLTISRLEPEDFAVYYCQQYGNSPRTFGQGTKVEIK	WEAK BINDER	CARELLWFGELSPFDYW	QVQLVESGGGLVKPGGSLRLSCAASGFTFSDSYMSWIRQAPGKGLEWVSFISSSGRTIYYADSVKGRFTISRDNAKNSLYLQMNSLRAEDTAVYYCARELLWFGELSPFDYWGQGTLVTVSSEIVLTQSPATLSLSPGERATLSCGASQSVSSSYLAWYQQKPGLAPRLLIFDAFSRATGIPDRFSGSGSGTDFTLTISRLEPEDFAVYYCQQYGNSPRTFGQGTKVEIK	9.21e-09	SC	BINDER	0.28	#FF6666
CL164_GFRAL_M1_SC	QVQLVESGGGLVKPGGSLRLSCAASGFTFSDNYMSWIRQAPGKGLEWVSYISSSGNTIYYADSVKGRFTISRDNAKNSLYLQMNSLRAEDTAVYYCARELLWFGELSPFNYWGQGTLVTVSS	EIVLTQSPATLSLSPGERATLSCGASQSVSRSYLAWYQQKPGLAPRLLIYDASSRATGIPDRFSGSGSGTDFTLTISRLELEDFAVYYCQQYGSSPRTFGQGTKVEIK	WEAK BINDER	CARELLWFGELSPFNYW	QVQLVESGGGLVKPGGSLRLSCAASGFTFSDNYMSWIRQAPGKGLEWVSYISSSGNTIYYADSVKGRFTISRDNAKNSLYLQMNSLRAEDTAVYYCARELLWFGELSPFNYWGQGTLVTVSSEIVLTQSPATLSLSPGERATLSCGASQSVSRSYLAWYQQKPGLAPRLLIYDASSRATGIPDRFSGSGSGTDFTLTISRLELEDFAVYYCQQYGSSPRTFGQGTKVEIK	4.5e-09	SC	BINDER	0.28	#FF6666
CL165_GFRAL_M1_SC	EVQLLESGGGLVQPGGSLRLSCAASGFTFSSYAMSWVRQAPGKGLEWVSGISGSGGSTYYADSVKGRFTISRDNSKNTLYLQMNSLRAEDTAVYYCAKDRLFSSGLDYWGQGTLVTVSS	EIVMTQSPATLSLSPGERATLSCRASQSVSSSYLSWYQQKPGQAPRLLIYGASTRATGIPARFSGSGSGTDFTLTISSLQPEDFAVYYCQQDYNLRTFGQGTKVEIK	WEAK BINDER	CAKDRLFSSGLDYW	EVQLLESGGGLVQPGGSLRLSCAASGFTFSSYAMSWVRQAPGKGLEWVSGISGSGGSTYYADSVKGRFTISRDNSKNTLYLQMNSLRAEDTAVYYCAKDRLFSSGLDYWGQGTLVTVSSEIVMTQSPATLSLSPGERATLSCRASQSVSSSYLSWYQQKPGQAPRLLIYGASTRATGIPARFSGSGSGTDFTLTISSLQPEDFAVYYCQQDYNLRTFGQGTKVEIK	9.67e-10	SC	BINDER	0.86	orange
CL166_GFRAL_M1_SC	EVQLLESGGGLIQPGGSLRLSCAASGFTFSNCAMSWVRQAPGKGLEWVSGMSGGGTKINYAESVKGRFTISRDNSKNTLYLQMNSLRAEDTAVYYCAKEGLWFGELSWFDPWGQGTLVTVSS	AIQLTQSPSSLSASVGDRVTFTCRASQGISSALAWYQLKPGKAPKLLIYDASSLKSGVPSRFSGSGSGTDFTLTISSLQPEDFATYYCQQFNNYPYTFGQGTKLEIK	NON BINDER	CAKEGLWFGELSWFDPW	EVQLLESGGGLIQPGGSLRLSCAASGFTFSNCAMSWVRQAPGKGLEWVSGMSGGGTKINYAESVKGRFTISRDNSKNTLYLQMNSLRAEDTAVYYCAKEGLWFGELSWFDPWGQGTLVTVSSAIQLTQSPSSLSASVGDRVTFTCRASQGISSALAWYQLKPGKAPKLLIYDASSLKSGVPSRFSGSGSGTDFTLTISSLQPEDFATYYCQQFNNYPYTFGQGTKLEIK	1e-06	SC	NON BINDER	0.29	orange
CL167_GFRAL_M1_SC	QVQVVESGGGVVQPGRSLRLSCAASGFTFSNYGIHWVRQAPGKGLEWVALISYDGSNKSYADSVKGRFTISRDNSKNMLWLQMNSLRAEDTAVYYCSRDHSGWLHYYYGMDVWGQGTTVTVSS	DIQLTQSPSFLSSSVGDRVTITCRASQAIISYFAWYQQKPGKAPKLLIYAASTLQRGVPSRFSGSGSGTEFTLTISSLQPEDFATYYCQQLNSYPYTFGQGTKLEIK	WEAK BINDER	CSRDHSGWLHYYYGMDVW	QVQVVESGGGVVQPGRSLRLSCAASGFTFSNYGIHWVRQAPGKGLEWVALISYDGSNKSYADSVKGRFTISRDNSKNMLWLQMNSLRAEDTAVYYCSRDHSGWLHYYYGMDVWGQGTTVTVSSDIQLTQSPSFLSSSVGDRVTITCRASQAIISYFAWYQQKPGKAPKLLIYAASTLQRGVPSRFSGSGSGTEFTLTISSLQPEDFATYYCQQLNSYPYTFGQGTKLEIK	1.08e-09	SC	BINDER	0.28	orange
CL168_GFRAL_M1_SC	EVQLLESGGGLIQPGGSLRLSCAASGFTFSNCAMSWVRQAPGKGLEWVSGMSGGGTKINYAESVKGRFTISRDNSKNTLYLQMNSLRAEDTAVYYCAKEVLWFGELSWFGPWGQGTLVTVSS	AIQLTQSPSSLSASVGDRVTITCRASQGISSALAWYHQKPGKAPKLLIYDASSLESGVPSRFSGSGSGTDFTLTISSLQPEDFATYYCQQFNNYPYTFGQGTKVEIK	WEAK BINDER	CAKEVLWFGELSWFGPW	EVQLLESGGGLIQPGGSLRLSCAASGFTFSNCAMSWVRQAPGKGLEWVSGMSGGGTKINYAESVKGRFTISRDNSKNTLYLQMNSLRAEDTAVYYCAKEVLWFGELSWFGPWGQGTLVTVSSAIQLTQSPSSLSASVGDRVTITCRASQGISSALAWYHQKPGKAPKLLIYDASSLESGVPSRFSGSGSGTDFTLTISSLQPEDFATYYCQQFNNYPYTFGQGTKVEIK	1.32e-07	SC	BINDER	0.3	orange
CL170_GFRAL_M2_SC	QVQLVESGGGLVKPGGSLRLSCAASGFTFSDHQMSWIRQAPGKGLEWVSYISSSGTTKYYADSVKGRFTISRDNAQNSLFLQMNSLRAEDTAVYYCARDSYGSGSYDAFDIWGQGTMVTVSS	AIQMTQSPSSLSASVGDRVTITCRASQGIRNDLGWYQQKPGKAPKLLIYAASSLQSGVPSRFSGSGSGTDFTLTISSLQPEDFATYYCLQDYNYPRTFGQGTKVEIK	NON BINDER	CARDSYGSGSYDAFDIW	QVQLVESGGGLVKPGGSLRLSCAASGFTFSDHQMSWIRQAPGKGLEWVSYISSSGTTKYYADSVKGRFTISRDNAQNSLFLQMNSLRAEDTAVYYCARDSYGSGSYDAFDIWGQGTMVTVSSAIQMTQSPSSLSASVGDRVTITCRASQGIRNDLGWYQQKPGKAPKLLIYAASSLQSGVPSRFSGSGSGTDFTLTISSLQPEDFATYYCLQDYNYPRTFGQGTKVEIK	1e-06	SC	NON BINDER	0.28	#003366
CL171_GFRAL_M3_SC	EVQLVQSGAEVKKPGESLKISCKGSGYSFTNYWIGWVRQMPGKGLEWMGIIFPGDSDTRYSPSFQGQVTISADKSISTAYLQWSRLKASDTAIYYCARDDRNSGFDYWGQGTLVTVSS	EIVMTQSPATLSLSPGERATLSCRASQNITSCCLLWYQHKPGQAPRLLIYGASTRATGIPGRFTGGGSGTDFTLTISSLQPEDFAVYYCQQDYTLPYTFGQGTNLEIK	BINDER	CARDDRNSGFDYW	EVQLVQSGAEVKKPGESLKISCKGSGYSFTNYWIGWVRQMPGKGLEWMGIIFPGDSDTRYSPSFQGQVTISADKSISTAYLQWSRLKASDTAIYYCARDDRNSGFDYWGQGTLVTVSSEIVMTQSPATLSLSPGERATLSCRASQNITSCCLLWYQHKPGQAPRLLIYGASTRATGIPGRFTGGGSGTDFTLTISSLQPEDFAVYYCQQDYTLPYTFGQGTNLEIK	1.21e-10	SC	BINDER	0.81	#66CC66
CL172_GFRAL_M2-M3_F974.0_VL	QVQLVESGGGLVKPGGSLRLSCAASGFTFSDYYMSWIRQAPGKGLEWVSYISSSGRTIYYADSVKGRFTISRDNAKNSLYLQMNSLRAEDTAVYYCARGQQLPYYYGVEIWGQGTTVTVSS	EIVMTQSPATLSVSPGERATLSCRASQSVRSNLAWYQQKPGQAPRLLIYGASTRATGIPARFSGSGSGTEFTLTISSLQSEDFAVYYCQQYHNWPYTFGQGTKLEIK	WEAK BINDER	CARGQQLPYYYGVEIW	QVQLVESGGGLVKPGGSLRLSCAASGFTFSDYYMSWIRQAPGKGLEWVSYISSSGRTIYYADSVKGRFTISRDNAKNSLYLQMNSLRAEDTAVYYCARGQQLPYYYGVEIWGQGTTVTVSSEIVMTQSPATLSVSPGERATLSCRASQSVRSNLAWYQQKPGQAPRLLIYGASTRATGIPARFSGSGSGTEFTLTISSLQSEDFAVYYCQQYHNWPYTFGQGTKLEIK	6.52e-10	VL	BINDER	0.29	grey
CL173_GFRAL_M2-M3_F974.0_VH	QITLKESGGGVVQPGRSLRLSCAASGFTFSSYGMHWVRQAPGKGLEWVAVISYDGSNKYYADSVKGRFTISRDNSKNTLYLQMNSLRAEDTAVYYCARAQQLAYYYGMDVWGQGTTVTVSS	EIVMTQSPATLSVSPGERATLSCRASQSVRSNLAWYQQKPGQAPRLLIYGASTRATGIPARFSGSGSGTEFTLTISSLQSEDFAVYYCQQYHNWPYTFGQGTKLEIK	NON BINDER	CARAQQLAYYYGMDVW	QITLKESGGGVVQPGRSLRLSCAASGFTFSSYGMHWVRQAPGKGLEWVAVISYDGSNKYYADSVKGRFTISRDNSKNTLYLQMNSLRAEDTAVYYCARAQQLAYYYGMDVWGQGTTVTVSSEIVMTQSPATLSVSPGERATLSCRASQSVRSNLAWYQQKPGQAPRLLIYGASTRATGIPARFSGSGSGTEFTLTISSLQSEDFAVYYCQQYHNWPYTFGQGTKLEIK	1e-06	VH	NON BINDER	0.29	grey
CL174_GFRAL_M2-M3_F974.0_VM	QVQLVESGGGLVKPGGSLRHSCAASGITFSDYYKTWIRQPPGNGQEWVSHISSSARTIYYADSVRGRFTISTDNAKNSPFQQTNSLRAEDTAEYYCARGQQLQYYYGLDVWGQGTTVTVSS	EIVMTQSPATLSVSPGERATLSCRASQSVRSNLAWYQQKPGQAPRLLIYGASTRATGIPARFSGSGSGTEFTLTISSLQSEDFAVYYCQQYHNWPYTFGQGTKLEIK	NON BINDER	CARGQQLQYYYGLDVW	QVQLVESGGGLVKPGGSLRHSCAASGITFSDYYKTWIRQPPGNGQEWVSHISSSARTIYYADSVRGRFTISTDNAKNSPFQQTNSLRAEDTAEYYCARGQQLQYYYGLDVWGQGTTVTVSSEIVMTQSPATLSVSPGERATLSCRASQSVRSNLAWYQQKPGQAPRLLIYGASTRATGIPARFSGSGSGTEFTLTISSLQSEDFAVYYCQQYHNWPYTFGQGTKLEIK	1e-06	VM	NON BINDER	0.27	grey
CL175_GFRAL_M2-M3_F139.0_VM	QVQLVESGGGLVQPGGSLRLSCAASGFTFSNYAMSWVRQAPGKGLEWVSGISGSGGNTYYADSVKGRFTISRDNSKNTLYLQMTSLRAEDTAVFYCARRYCGILGYFDYWGQGTLVTVSS	EIVMTQSPATLSLSPGERATLSCRASQSVRSTYLSWYQQKLGQAPRLLIYGALTRATGIPARFSGSGSGTDFTLTISSLQPEDFAVYYCQQDYNLPFTFGPGTKVDIK	WEAK BINDER	CARRYCGILGYFDYW	QVQLVESGGGLVQPGGSLRLSCAASGFTFSNYAMSWVRQAPGKGLEWVSGISGSGGNTYYADSVKGRFTISRDNSKNTLYLQMTSLRAEDTAVFYCARRYCGILGYFDYWGQGTLVTVSSEIVMTQSPATLSLSPGERATLSCRASQSVRSTYLSWYQQKLGQAPRLLIYGALTRATGIPARFSGSGSGTDFTLTISSLQPEDFAVYYCQQDYNLPFTFGPGTKVDIK	2.6e-08	VM	BINDER	0.29	grey
CL176_GFRAL_M2-M3_F81.0_VL	QVQLVESGGGLVQPGGSLRLSCAASGFTFSSYAMSWVRQAPGKGLEWVSAISGSGGSTYYADSVKGRFTISRDNSKNTLYLQMNSLRAEDTAVYYCARDTAFAWLLTHPFDIWGQGTMVTVSS	DIQMTQSPSSLSASVGDRVTITCRASQGIRNDLGWYQQKPGKAPKRLIYAASSLQSGVPSRFSGSGSGTEFTLTISSLQPEDFATYYCLQHNSYPRTFGQGTKVEIK	NON BINDER	CARDTAFAWLLTHPFDIW	QVQLVESGGGLVQPGGSLRLSCAASGFTFSSYAMSWVRQAPGKGLEWVSAISGSGGSTYYADSVKGRFTISRDNSKNTLYLQMNSLRAEDTAVYYCARDTAFAWLLTHPFDIWGQGTMVTVSSDIQMTQSPSSLSASVGDRVTITCRASQGIRNDLGWYQQKPGKAPKRLIYAASSLQSGVPSRFSGSGSGTEFTLTISSLQPEDFATYYCLQHNSYPRTFGQGTKVEIK	1e-06	VL	NON BINDER	0.28	grey
CL177_GFRAL_M2-M3_F81.0_VH	QITLRESGGGVVQPGRSLRLSCAASGFTFSSYGMHWVRQAPRKGLVLLSVLWYAGSNKYYGDSVKGRFTISRDNYKNTLYLQMNSLRAEDTAVYYCARHTAFDWLLTDSFDIWGQGTMVTVSS	DIQMTQSPSSLSASVGDRVTITCRASQGIRNDLGWYQQKPGKAPKRLIYAASSLQSGVPSRFSGSGSGTEFTLTISSLQPEDFATYYCLQHNSYPRTFGQGTKVEIK	NON BINDER	CARHTAFDWLLTDSFDIW	QITLRESGGGVVQPGRSLRLSCAASGFTFSSYGMHWVRQAPRKGLVLLSVLWYAGSNKYYGDSVKGRFTISRDNYKNTLYLQMNSLRAEDTAVYYCARHTAFDWLLTDSFDIWGQGTMVTVSSDIQMTQSPSSLSASVGDRVTITCRASQGIRNDLGWYQQKPGKAPKRLIYAASSLQSGVPSRFSGSGSGTEFTLTISSLQPEDFATYYCLQHNSYPRTFGQGTKVEIK	1e-06	VH	NON BINDER	0.27	grey
CL178_GFRAL_M2-M3_F8.0_VL	EVQLVESGGGLVQPGGSLRLSCAASGFTFSSYAMSWVRQAPGKGLEWVSAISGSGGSTYYADSVKGRFTISRDNSKNTLYLQMNSLRAEDTAVYYCARDRYYDILSGSYRGFDYWGQGTLVTVSS	AIQLTQSPSSLSASVGDRVTITCRASQGISSALAWYQQKPGKAPKLLIYDASSLESGVPSRFSGSGSGTDFTLTISSLQPEDFATYYCQQFNNYPRTFGQGTKVEIK	NON BINDER	CARDRYYDILSGSYRGFDYW	EVQLVESGGGLVQPGGSLRLSCAASGFTFSSYAMSWVRQAPGKGLEWVSAISGSGGSTYYADSVKGRFTISRDNSKNTLYLQMNSLRAEDTAVYYCARDRYYDILSGSYRGFDYWGQGTLVTVSSAIQLTQSPSSLSASVGDRVTITCRASQGISSALAWYQQKPGKAPKLLIYDASSLESGVPSRFSGSGSGTDFTLTISSLQPEDFATYYCQQFNNYPRTFGQGTKVEIK	1e-06	VL	NON BINDER	0.31	grey
CL180_GFRAL_M2-M3_F1441.0_VH	QVQLVESGGGLIQPGGTLILSFQAIGLTLTKCPIGWVRRAPGKGLEWVSGMSGGGTNINYAESVKGRFTITRDNSKNTLYLQMNSLRPEDTAVYYCAKEVLLFGELSWFGSWGQGTLVTVSS	AIQLTQSPSSLSASVGDRVTITCRASQGISSALAWYQQKPGKAPKLLIYDASSLKSGVPSRFSGSGSGTDFTLTISSLQPEDFATYYCQQFNNYPYTFGQGTKLEIK	NON BINDER	CAKEVLLFGELSWFGSW	QVQLVESGGGLIQPGGTLILSFQAIGLTLTKCPIGWVRRAPGKGLEWVSGMSGGGTNINYAESVKGRFTITRDNSKNTLYLQMNSLRPEDTAVYYCAKEVLLFGELSWFGSWGQGTLVTVSSAIQLTQSPSSLSASVGDRVTITCRASQGISSALAWYQQKPGKAPKLLIYDASSLKSGVPSRFSGSGSGTDFTLTISSLQPEDFATYYCQQFNNYPYTFGQGTKLEIK	1e-06	VH	NON BINDER	0.25	grey
CL181_GFRAL_M2-M3_F1441.0_VM	QVQLVESGGGLVQPGGSLRLSCAASGFTFSSDAMSWVRQAPGKGLEWVSAISGSGGSTYYADSVKGRFTISRDNSKNTLYLQMNSLRAEDTAVYYCAKGVLWFGDLSWFDPWGQGTLVTVSS	AIQLTQSPSSLSASVGDRVTITCRASQGISSALAWYQQKPGKAPKLLIYDASSLKSGVPSRFSGSGSGTDFTLTISSLQPEDFATYYCQQFNNYPYTFGQGTKLEIK	NON BINDER	CAKGVLWFGDLSWFDPW	QVQLVESGGGLVQPGGSLRLSCAASGFTFSSDAMSWVRQAPGKGLEWVSAISGSGGSTYYADSVKGRFTISRDNSKNTLYLQMNSLRAEDTAVYYCAKGVLWFGDLSWFDPWGQGTLVTVSSAIQLTQSPSSLSASVGDRVTITCRASQGISSALAWYQQKPGKAPKLLIYDASSLKSGVPSRFSGSGSGTDFTLTISSLQPEDFATYYCQQFNNYPYTFGQGTKLEIK	1e-06	VM	NON BINDER	0.28	grey
CL183_GFRAL_M2-M3_F2240.0_VL	QVQLVESGGGLVQPGGSLRLSCAASGFTFSSYAMSWVRQAPGKGLEWVSAISGSGGSTYYADSVKGRFTISRDNSKNTLYLQMNSLRAEDTAVYYCAKEDYDILTGFVYWGQGTLVTVSS	EIVMTQSPATLSVSPGERATLSCRASQSVSSNLAWYQQKPGQAPRLLIYGASTRATGIPARFSGSGSGTEFTLTISSLQSEDFAVYYCQQYNNWPPITFGQGTRLEIK	NON BINDER	CAKEDYDILTGFVYW	QVQLVESGGGLVQPGGSLRLSCAASGFTFSSYAMSWVRQAPGKGLEWVSAISGSGGSTYYADSVKGRFTISRDNSKNTLYLQMNSLRAEDTAVYYCAKEDYDILTGFVYWGQGTLVTVSSEIVMTQSPATLSVSPGERATLSCRASQSVSSNLAWYQQKPGQAPRLLIYGASTRATGIPARFSGSGSGTEFTLTISSLQSEDFAVYYCQQYNNWPPITFGQGTRLEIK	1e-06	VL	NON BINDER	0.27	grey
CL184_GFRAL_M2-M3_F531.0_VH	QVQLVESGGGVVQPGRSLRLSCAASGFTVSTYGMHWVRQAPGKGLEWVSLIWHDGHKKSYADSVKGRFTISRDTSKNTVFLLMNSLRVDDTAVYFCVRDPPHYDILTGSLYGMDVWGQGTTVTVSS	AIQMTQSPSSLSASVGDRVTITCRASQGIRNDLGWYQQKPGKAPKLLIYAASSLQSGVPSRFSGSGSGTDFTLTINILQPEDFATYFCLQDYNYPFTFGPGTKVDIK	NON BINDER	CVRDPPHYDILTGSLYGMDVW	QVQLVESGGGVVQPGRSLRLSCAASGFTVSTYGMHWVRQAPGKGLEWVSLIWHDGHKKSYADSVKGRFTISRDTSKNTVFLLMNSLRVDDTAVYFCVRDPPHYDILTGSLYGMDVWGQGTTVTVSSAIQMTQSPSSLSASVGDRVTITCRASQGIRNDLGWYQQKPGKAPKLLIYAASSLQSGVPSRFSGSGSGTDFTLTINILQPEDFATYFCLQDYNYPFTFGPGTKVDIK	1e-06	VH	NON BINDER	0.27	grey
CL185_GFRAL_M1_F6.0_VL	QVQLVESGGGLVKPGGSLRLSCAASGFTFSDYYMSWIRQAPGKGLEWVSYISSSGSTIYYADSVKGRFTISRDNAKNSLYLQMNSLRAEDTAVYYCARDRYYDILTCYYRGFDYWGQGTLVTVSS	AIQLTQSPSSLSASVGDRVTITCRASQGISSALAWYQQKPGKAPKLLIYDASSLESGVPSRFSGSGSGTDFTLTISSLQPEDFATYYCQQFNNYPRTFGQGTKVEIK	NON BINDER	CARDRYYDILTCYYRGFDYW	QVQLVESGGGLVKPGGSLRLSCAASGFTFSDYYMSWIRQAPGKGLEWVSYISSSGSTIYYADSVKGRFTISRDNAKNSLYLQMNSLRAEDTAVYYCARDRYYDILTCYYRGFDYWGQGTLVTVSSAIQLTQSPSSLSASVGDRVTITCRASQGISSALAWYQQKPGKAPKLLIYDASSLESGVPSRFSGSGSGTDFTLTISSLQPEDFATYYCQQFNNYPRTFGQGTKVEIK	1e-06	VL	NON BINDER	0.3	grey
CL187_GFRAL_M1_F6.0_VM	QVQLVESGGGLVQPGGSLRLSCAASGFTFSSYAMSWVRQAPGKGLAWVSVKWHDGNKKYSVDSVQGRFTLSRDKSKTTLDLQLNRLRAEDTAVYYCARDRSYDILTGYYRGFDYWGQGTLVTVSS	AIQLTQSPSSLSASVGDRVTITCRASQGISSALAWYQQKPGKAPKLLIYDASSLESGVPSRFSGSGSGTDFTLTISSLQPEDFATYYCQQFNNYPRTFGQGTKVEIK	NON BINDER	CARDRSYDILTGYYRGFDYW	QVQLVESGGGLVQPGGSLRLSCAASGFTFSSYAMSWVRQAPGKGLAWVSVKWHDGNKKYSVDSVQGRFTLSRDKSKTTLDLQLNRLRAEDTAVYYCARDRSYDILTGYYRGFDYWGQGTLVTVSSAIQLTQSPSSLSASVGDRVTITCRASQGISSALAWYQQKPGKAPKLLIYDASSLESGVPSRFSGSGSGTDFTLTISSLQPEDFATYYCQQFNNYPRTFGQGTKVEIK	1e-06	VM	NON BINDER	0.55	grey
CL188_GFRAL_M1_F20.0_VL	QVQLVESGGGLVKPGGSLRLSCAASGFTFSDYYMSWIRQAPGKGLEWVSYISSSGSTIYYADSVKGRFTISRDNAKNSLYLQMNSLRAEDTAVYYCARNTGSFHDAFDIWGQGTMVTVSS	EIVMTQSPATLSVSPGERATLSCRASQSVSSNLAWYQQKPGQAPRLLIYGASTRATGIPARFSGSGSGTEFTLTISSLQSEDFAVHYCQQYNNWPYTFGQGTKLEIK	NON BINDER	CARNTGSFHDAFDIW	QVQLVESGGGLVKPGGSLRLSCAASGFTFSDYYMSWIRQAPGKGLEWVSYISSSGSTIYYADSVKGRFTISRDNAKNSLYLQMNSLRAEDTAVYYCARNTGSFHDAFDIWGQGTMVTVSSEIVMTQSPATLSVSPGERATLSCRASQSVSSNLAWYQQKPGQAPRLLIYGASTRATGIPARFSGSGSGTEFTLTISSLQSEDFAVHYCQQYNNWPYTFGQGTKLEIK	1e-06	VL	NON BINDER	0.27	grey
CL189_GFRAL_M1_F20.0_VH	EVHHHHTPPPHHHPPTTHTHTTPPTPNTHTTKPNNTHPQAPGKGLEWVSLIWHDGNKKYYAHSVKGRFTISRDHSKNTVHLQMNSLRAEDTAVYFCVINSGSFRDAFEIWGQGTMVTVSS	EIVMTQSPATLSVSPGERATLSCRASQSVSSNLAWYQQKPGQAPRLLIYGASTRATGIPARFSGSGSGTEFTLTISSLQSEDFAVHYCQQYNNWPYTFGQGTKLEIK	NON BINDER	CVINSGSFRDAFEIW	EVHHHHTPPPHHHPPTTHTHTTPPTPNTHTTKPNNTHPQAPGKGLEWVSLIWHDGNKKYYAHSVKGRFTISRDHSKNTVHLQMNSLRAEDTAVYFCVINSGSFRDAFEIWGQGTMVTVSSEIVMTQSPATLSVSPGERATLSCRASQSVSSNLAWYQQKPGQAPRLLIYGASTRATGIPARFSGSGSGTEFTLTISSLQSEDFAVHYCQQYNNWPYTFGQGTKLEIK	1e-06	VH	NON BINDER	0.24	grey
CL190_GFRAL_M1_F20.0_VM	QVQLVQSGGGVVQPGRSLRLSCAASGFTVSTNGIHWVRQAPGKGLEWVSVIWHDGNKKYYADSVKGRFTISRDKSKNTVHLEMSSLRAEDTAVYFCARKSGTFHDAFEIWGQGTMVTVSS	EIVMTQSPATLSVSPGERATLSCRASQSVSSNLAWYQQKPGQAPRLLIYGASTRATGIPARFSGSGSGTEFTLTISSLQSEDFAVHYCQQYNNWPYTFGQGTKLEIK	NON BINDER	CARKSGTFHDAFEIW	QVQLVQSGGGVVQPGRSLRLSCAASGFTVSTNGIHWVRQAPGKGLEWVSVIWHDGNKKYYADSVKGRFTISRDKSKNTVHLEMSSLRAEDTAVYFCARKSGTFHDAFEIWGQGTMVTVSSEIVMTQSPATLSVSPGERATLSCRASQSVSSNLAWYQQKPGQAPRLLIYGASTRATGIPARFSGSGSGTEFTLTISSLQSEDFAVHYCQQYNNWPYTFGQGTKLEIK	1e-06	VM	NON BINDER	0.3	grey
CL191_GFRAL_M1_F45.0_VL	QVQLVESGGGLVKPGGSLRLSCAASGFTFSDYYMSWIRQAPGKGLEWVSYISSSGSTIYYADSVKGRFTISRDNAKNSLYLQMNSLRAEDTAVYYCTTGNLRYFDPYYYGMDVWGQGTTVTVSS	DIQMTQSPSSLSASVGDRVTITCRASQDISNYLAWFQQKPGKAPKSLIYAASGLQRGVPSKFSGSGSGTDFTLTISSLQPEDFATYYCQQYNSYPFTFGPGTKVDMK	NON BINDER	CTTGNLRYFDPYYYGMDVW	QVQLVESGGGLVKPGGSLRLSCAASGFTFSDYYMSWIRQAPGKGLEWVSYISSSGSTIYYADSVKGRFTISRDNAKNSLYLQMNSLRAEDTAVYYCTTGNLRYFDPYYYGMDVWGQGTTVTVSSDIQMTQSPSSLSASVGDRVTITCRASQDISNYLAWFQQKPGKAPKSLIYAASGLQRGVPSKFSGSGSGTDFTLTISSLQPEDFATYYCQQYNSYPFTFGPGTKVDMK	1e-06	VL	NON BINDER	0.28	grey
CL193_GFRAL_M1_F45.0_VM	EVQLVQSGGGLVQPGGSLRLSCAASGFTFSSYAMSWVRQAPGKGLEWVSAISGSGGSTYYADSVKGRFTISRDNSKNTLYLQMNSLRAEDTAVYYCATGNFRYFDPYYYAMDVWGQGTTVTVSS	DIQMTQSPSSLSASVGDRVTITCRASQDISNYLAWFQQKPGKAPKSLIYAASGLQRGVPSKFSGSGSGTDFTLTISSLQPEDFATYYCQQYNSYPFTFGPGTKVDMK	NON BINDER	CATGNFRYFDPYYYAMDVW	EVQLVQSGGGLVQPGGSLRLSCAASGFTFSSYAMSWVRQAPGKGLEWVSAISGSGGSTYYADSVKGRFTISRDNSKNTLYLQMNSLRAEDTAVYYCATGNFRYFDPYYYAMDVWGQGTTVTVSSDIQMTQSPSSLSASVGDRVTITCRASQDISNYLAWFQQKPGKAPKSLIYAASGLQRGVPSKFSGSGSGTDFTLTISSLQPEDFATYYCQQYNSYPFTFGPGTKVDMK	1e-06	VM	NON BINDER	0.28	grey
CL194_GFRAL_M1_F112.0_VL	QVQLVESGGGLVKPGGSLRLSCAASGFTFSDYYMSWIRQAPGKGLEWVSYISSSGSTIYYADSVKGRFTISRDNAKNSLYLQMNSLRAEDTAVYYCARGGYDILTGYQGYYYYGMDVWGQATTVTVSS	EIVMTQSPATLSLSPGERATLSCRASQSVSSSYLSWYQQKPGQAPRLLIYGASTRATGIPARFSGSGSGTDFTLTISSLQPEDFAVYYCQQDYNLPYTFGQGTKLEIK	NON BINDER	CARGGYDILTGYQGYYYYGMDVW	QVQLVESGGGLVKPGGSLRLSCAASGFTFSDYYMSWIRQAPGKGLEWVSYISSSGSTIYYADSVKGRFTISRDNAKNSLYLQMNSLRAEDTAVYYCARGGYDILTGYQGYYYYGMDVWGQATTVTVSSEIVMTQSPATLSLSPGERATLSCRASQSVSSSYLSWYQQKPGQAPRLLIYGASTRATGIPARFSGSGSGTDFTLTISSLQPEDFAVYYCQQDYNLPYTFGQGTKLEIK	1e-06	VL	NON BINDER	0.28	grey
CL196_GFRAL_M1_F112.0_VM	QVQLVESGGGVVQPGRSLRLSCAASGFTFSSYGMHWVRQAPGKGLEWVAVIWYDGTNKYYADSVKGRFTISRDNSKNTLYLQMNSLRAEDTAVYYCARMYYDILTGYSGYYYYGMDVWGQGTTVTVSS	EIVMTQSPATLSLSPGERATLSCRASQSVSSSYLSWYQQKPGQAPRLLIYGASTRATGIPARFSGSGSGTDFTLTISSLQPEDFAVYYCQQDYNLPYTFGQGTKLEIK	NON BINDER	CARMYYDILTGYSGYYYYGMDVW	QVQLVESGGGVVQPGRSLRLSCAASGFTFSSYGMHWVRQAPGKGLEWVAVIWYDGTNKYYADSVKGRFTISRDNSKNTLYLQMNSLRAEDTAVYYCARMYYDILTGYSGYYYYGMDVWGQGTTVTVSSEIVMTQSPATLSLSPGERATLSCRASQSVSSSYLSWYQQKPGQAPRLLIYGASTRATGIPARFSGSGSGTDFTLTISSLQPEDFAVYYCQQDYNLPYTFGQGTKLEIK	1e-06	VM	NON BINDER	0.29	#339933
CL197_GFRAL_M1_F557.0_VL	QVQLVESGGGLVKPGGSLRLSCAASGFTFSDYYMSWIRQAPGKGLEWVSYISSSGSTIYYADSVKGRFTISRDNAKNSLYLQMNSLRAEDTAVYYCARDPPYYDILTGEFYGMDVWGQGTTVTVSS	AIQMTQSPSSLSASVGDRVTITCRASQGIRNDLGWYQQKPGRAPKLLIYAASSLQSGVPSRFSGSGSGTDFTLTISGLQPEDFATYFCLQDYSYPYTFGQGTKLEIK	NON BINDER	CARDPPYYDILTGEFYGMDVW	QVQLVESGGGLVKPGGSLRLSCAASGFTFSDYYMSWIRQAPGKGLEWVSYISSSGSTIYYADSVKGRFTISRDNAKNSLYLQMNSLRAEDTAVYYCARDPPYYDILTGEFYGMDVWGQGTTVTVSSAIQMTQSPSSLSASVGDRVTITCRASQGIRNDLGWYQQKPGRAPKLLIYAASSLQSGVPSRFSGSGSGTDFTLTISGLQPEDFATYFCLQDYSYPYTFGQGTKLEIK	1e-06	VL	NON BINDER	0.34	grey
CL199_GFRAL_M1_F557.0_VM	QVQQVESGGGVVQPGRSLRLSCAASGFTFSSYGMHWVRQAPGKGLEWVAVISYDGSNKYYADSVKGRFTISRDNSKNTLYLQMNSLRAEDTAVYYCAREMDDYDILTGYSYGMDVWGQGTTVTVSS	AIQMTQSPSSLSASVGDRVTITCRASQGIRNDLGWYQQKPGRAPKLLIYAASSLQSGVPSRFSGSGSGTDFTLTISGLQPEDFATYFCLQDYSYPYTFGQGTKLEIK	NON BINDER	CAREMDDYDILTGYSYGMDVW	QVQQVESGGGVVQPGRSLRLSCAASGFTFSSYGMHWVRQAPGKGLEWVAVISYDGSNKYYADSVKGRFTISRDNSKNTLYLQMNSLRAEDTAVYYCAREMDDYDILTGYSYGMDVWGQGTTVTVSSAIQMTQSPSSLSASVGDRVTITCRASQGIRNDLGWYQQKPGRAPKLLIYAASSLQSGVPSRFSGSGSGTDFTLTISGLQPEDFATYFCLQDYSYPYTFGQGTKLEIK	1e-06	VM	NON BINDER	0.31	grey
CL200_GFRAL_M1_F826.0_VL	QVQLVESGGGLVKPGGSLRLSCAASGFTFSDYYMSWIRQAPGKGLEWVSYISSSGSTIYYADSVKGRFTISRDNAKNSLYLQMNSLRAEDTAVYYCAREGGGYCSSTSCYVEGMDVWGQGTTVTVSS	DIQMTQSPSSLSASVGDRVTITCRASQGISNYLAWFQQKPGKAPKSLIYAASSLQSGVPSKFSGSGSGTDFTLTISSLQPEDFATYYCQQYNSYPYTFGQGTKLEIK	NON BINDER	CAREGGGYCSSTSCYVEGMDVW	QVQLVESGGGLVKPGGSLRLSCAASGFTFSDYYMSWIRQAPGKGLEWVSYISSSGSTIYYADSVKGRFTISRDNAKNSLYLQMNSLRAEDTAVYYCAREGGGYCSSTSCYVEGMDVWGQGTTVTVSSDIQMTQSPSSLSASVGDRVTITCRASQGISNYLAWFQQKPGKAPKSLIYAASSLQSGVPSKFSGSGSGTDFTLTISSLQPEDFATYYCQQYNSYPYTFGQGTKLEIK	1e-06	VL	NON BINDER	0.29	grey
CL201_GFRAL_M1_F826.0_VH	QVQLQQSGAEVKKPGASEKVSCKASGYTFTSYGMHWVRKAQGKGLEWVAVIWYDGSNKYYADSVKGRFTISRDNSMNTLYLQMNSLRPDDSAVYFCAREGGGYCSITSCYAEGMDVWGQGTTVTVSS	DIQMTQSPSSLSASVGDRVTITCRASQGISNYLAWFQQKPGKAPKSLIYAASSLQSGVPSKFSGSGSGTDFTLTISSLQPEDFATYYCQQYNSYPYTFGQGTKLEIK	NON BINDER	CAREGGGYCSITSCYAEGMDVW	QVQLQQSGAEVKKPGASEKVSCKASGYTFTSYGMHWVRKAQGKGLEWVAVIWYDGSNKYYADSVKGRFTISRDNSMNTLYLQMNSLRPDDSAVYFCAREGGGYCSITSCYAEGMDVWGQGTTVTVSSDIQMTQSPSSLSASVGDRVTITCRASQGISNYLAWFQQKPGKAPKSLIYAASSLQSGVPSKFSGSGSGTDFTLTISSLQPEDFATYYCQQYNSYPYTFGQGTKLEIK	1e-06	VH	NON BINDER	0.51	grey
CL202_GFRAL_M1_F826.0_VM	QVQLVESGGGVVQPGRSLRLSCAASGFTFSSYGMHWVRQAPGKGLEWVSVIWYDGSNKYYADSVKGRFTISRDNSKNTLYLQMNSLRAEDTAVYYCAREGGGFCSSTSCYAEGMDVWGQGTTVTVSS	DIQMTQSPSSLSASVGDRVTITCRASQGISNYLAWFQQKPGKAPKSLIYAASSLQSGVPSKFSGSGSGTDFTLTISSLQPEDFATYYCQQYNSYPYTFGQGTKLEIK	NON BINDER	CAREGGGFCSSTSCYAEGMDVW	QVQLVESGGGVVQPGRSLRLSCAASGFTFSSYGMHWVRQAPGKGLEWVSVIWYDGSNKYYADSVKGRFTISRDNSKNTLYLQMNSLRAEDTAVYYCAREGGGFCSSTSCYAEGMDVWGQGTTVTVSSDIQMTQSPSSLSASVGDRVTITCRASQGISNYLAWFQQKPGKAPKSLIYAASSLQSGVPSKFSGSGSGTDFTLTISSLQPEDFATYYCQQYNSYPYTFGQGTKLEIK	1e-06	VM	NON BINDER	0.46	grey
CL203_GFRAL_M1_F928.0_VL	QVQLVESGGGLVKPGGSLRLSCAASGFTFSDYYMSWIRQAPGKGLEWVSYISSSGSTIYYADSVKGRFTISRDNAKNSLYLQMNSLRAEDTAVYYCARELLWFGELSPFDYWGQGTLVTVSS	EIVLTQSPATLSLSPGERATLSCGASQSVSRSYLAWYQQKPGLAPRLLIYDASSRATGIPDRFSGSGSGTDFTLTISRLEPEDFAVYYCQQYGSSPRTFGQGTKVEIK	NON BINDER	CARELLWFGELSPFDYW	QVQLVESGGGLVKPGGSLRLSCAASGFTFSDYYMSWIRQAPGKGLEWVSYISSSGSTIYYADSVKGRFTISRDNAKNSLYLQMNSLRAEDTAVYYCARELLWFGELSPFDYWGQGTLVTVSSEIVLTQSPATLSLSPGERATLSCGASQSVSRSYLAWYQQKPGLAPRLLIYDASSRATGIPDRFSGSGSGTDFTLTISRLEPEDFAVYYCQQYGSSPRTFGQGTKVEIK	1e-06	VL	NON BINDER	0.27	grey
CL205_GFRAL_M1_F928.0_VM	EVQLVQSGGGVVQPGRSLRLSCAASGFTFSSYAMSWVRQAPGKGLECVSAISGSGGSTYYADSVKGRFTISRDNSKNTLYLQMNSLRAEDTAVYYCAKELLWFGELFPFDYWGQGTLVTVSS	EIVLTQSPATLSLSPGERATLSCGASQSVSRSYLAWYQQKPGLAPRLLIYDASSRATGIPDRFSGSGSGTDFTLTISRLEPEDFAVYYCQQYGSSPRTFGQGTKVEIK	NON BINDER	CAKELLWFGELFPFDYW	EVQLVQSGGGVVQPGRSLRLSCAASGFTFSSYAMSWVRQAPGKGLECVSAISGSGGSTYYADSVKGRFTISRDNSKNTLYLQMNSLRAEDTAVYYCAKELLWFGELFPFDYWGQGTLVTVSSEIVLTQSPATLSLSPGERATLSCGASQSVSRSYLAWYQQKPGLAPRLLIYDASSRATGIPDRFSGSGSGTDFTLTISRLEPEDFAVYYCQQYGSSPRTFGQGTKVEIK	1e-06	VM	NON BINDER	0.27	grey
CL206_GFRAL_M1_F945.0_VL	QVQLVESGGGLVKPGGSLRLSCAASGFTFSDYYMSWIRQAPGKGLEWVSYISSSGSTIYYADSVKGRFTISRDNAKNSLYLQMNSLRAEDTAVYYCARSRFTMVRGVGGMDVWGQGTTVTVSS	DIQMTQSPSSLSASVGDRVTITCRASQGISNYLAWYQQKPGKVPKLLIYAASTLQSGVPSRFSGSGSGTDFTLTISSLQPEDVATYYCQKYNSAPYTFGQGTKLEIK	NON BINDER	CARSRFTMVRGVGGMDVW	QVQLVESGGGLVKPGGSLRLSCAASGFTFSDYYMSWIRQAPGKGLEWVSYISSSGSTIYYADSVKGRFTISRDNAKNSLYLQMNSLRAEDTAVYYCARSRFTMVRGVGGMDVWGQGTTVTVSSDIQMTQSPSSLSASVGDRVTITCRASQGISNYLAWYQQKPGKVPKLLIYAASTLQSGVPSRFSGSGSGTDFTLTISSLQPEDVATYYCQKYNSAPYTFGQGTKLEIK	1e-06	VL	NON BINDER	0.28	grey
CL207_GFRAL_M1_F945.0_VH	QVTLRESGGGVVQPGRSLRLSCAASGFTFSSYGMHWVRQAPGKGLEWVSAISGSGGNTNYAQKLQGRVTMTTDTSTSTAYMELRSLRSDDTAVYYCARSHITMVRGVGGMDVWGQGTTVTVSS	DIQMTQSPSSLSASVGDRVTITCRASQGISNYLAWYQQKPGKVPKLLIYAASTLQSGVPSRFSGSGSGTDFTLTISSLQPEDVATYYCQKYNSAPYTFGQGTKLEIK	NON BINDER	CARSHITMVRGVGGMDVW	QVTLRESGGGVVQPGRSLRLSCAASGFTFSSYGMHWVRQAPGKGLEWVSAISGSGGNTNYAQKLQGRVTMTTDTSTSTAYMELRSLRSDDTAVYYCARSHITMVRGVGGMDVWGQGTTVTVSSDIQMTQSPSSLSASVGDRVTITCRASQGISNYLAWYQQKPGKVPKLLIYAASTLQSGVPSRFSGSGSGTDFTLTISSLQPEDVATYYCQKYNSAPYTFGQGTKLEIK	1e-06	VH	NON BINDER	0.28	grey
CL208_GFRAL_M1_F945.0_VM	EVQLVESGGGLVQPGGSLRLTCAASGFTFSSYALSWVRQAPGKGLEWVSTISGSGGGTYYADSVKGRFTISRDNSKNTLYLQMNSLRAEDTAVYYCAKDRITMVRGVRGMDVWGQGTTVTVSS	DIQMTQSPSSLSASVGDRVTITCRASQGISNYLAWYQQKPGKVPKLLIYAASTLQSGVPSRFSGSGSGTDFTLTISSLQPEDVATYYCQKYNSAPYTFGQGTKLEIK	NON BINDER	CAKDRITMVRGVRGMDVW	EVQLVESGGGLVQPGGSLRLTCAASGFTFSSYALSWVRQAPGKGLEWVSTISGSGGGTYYADSVKGRFTISRDNSKNTLYLQMNSLRAEDTAVYYCAKDRITMVRGVRGMDVWGQGTTVTVSSDIQMTQSPSSLSASVGDRVTITCRASQGISNYLAWYQQKPGKVPKLLIYAASTLQSGVPSRFSGSGSGTDFTLTISSLQPEDVATYYCQKYNSAPYTFGQGTKLEIK	1e-06	VM	NON BINDER	0.62	grey
CL209_GFRAL_M1_F1031.0_VL	QVQLVESGGGLVKPGGSLRLSCAASGFTFSDYYMSWIRQAPGKGLEWVSYISSSGSTIYYADSVKGRFTISRDNAKNSLYLQMNSLRAEDTAVYYCARGQQLPYYYGMDVWGQGTTVTVSS	EIVMTQSPATLSVSPGERATLSCRASQSVSSNLAWYQQKPGQAPRLLIYGASTRATGIPARFSGSGSGTEFTLTISSLQSEDFAVYYCQQYNNWPYTFGQGTKLEIK	WEAK BINDER	CARGQQLPYYYGMDVW	QVQLVESGGGLVKPGGSLRLSCAASGFTFSDYYMSWIRQAPGKGLEWVSYISSSGSTIYYADSVKGRFTISRDNAKNSLYLQMNSLRAEDTAVYYCARGQQLPYYYGMDVWGQGTTVTVSSEIVMTQSPATLSVSPGERATLSCRASQSVSSNLAWYQQKPGQAPRLLIYGASTRATGIPARFSGSGSGTEFTLTISSLQSEDFAVYYCQQYNNWPYTFGQGTKLEIK	1.28e-07	VL	BINDER	0.29	grey
CL211_GFRAL_M1_F1337.0_VL	QVQLLESGGGLVKPGGSLRLSCAASGFTFSDYYMSWIRQAPGKGLEWVSYISSSGSTIYYADSVKGRFTISRDNAKNSLYLQMNSLRAEDTAVYYCAKDGRVVVTGDYSHYTMDVWGQGTTVTVSS	DIQMTQSPSSLSASVGDRITITCRASQDINSWLAWYQQKPEKAPKSLISAASSLRSGVPSRFSGSGSGTDFILTISSLQPEDFATYYCQQYNSFPYTFGQGTKLEIK	NON BINDER	CAKDGRVVVTGDYSHYTMDVW	QVQLLESGGGLVKPGGSLRLSCAASGFTFSDYYMSWIRQAPGKGLEWVSYISSSGSTIYYADSVKGRFTISRDNAKNSLYLQMNSLRAEDTAVYYCAKDGRVVVTGDYSHYTMDVWGQGTTVTVSSDIQMTQSPSSLSASVGDRITITCRASQDINSWLAWYQQKPEKAPKSLISAASSLRSGVPSRFSGSGSGTDFILTISSLQPEDFATYYCQQYNSFPYTFGQGTKLEIK	1e-06	VL	NON BINDER	0.28	grey
CL212_GFRAL_M1_F1337.0_VH	EVQLLESGGGLVQPGGSLRLSCAGSGFTFSSYAMHWVRQAPGKGLEWVSVISGSGSKTYFVDSVKGRFTTSRDNPRNTLYLQMNSLRDEDTAVYYCAKDGRVVVTGDYSHYTMDVWGQGTTVTVSS	DIQMTQSPSSLSASVGDRITITCRASQDINSWLAWYQQKPEKAPKSLISAASSLRSGVPSRFSGSGSGTDFILTISSLQPEDFATYYCQQYNSFPYTFGQGTKLEIK	NON BINDER	CAKDGRVVVTGDYSHYTMDVW	EVQLLESGGGLVQPGGSLRLSCAGSGFTFSSYAMHWVRQAPGKGLEWVSVISGSGSKTYFVDSVKGRFTTSRDNPRNTLYLQMNSLRDEDTAVYYCAKDGRVVVTGDYSHYTMDVWGQGTTVTVSSDIQMTQSPSSLSASVGDRITITCRASQDINSWLAWYQQKPEKAPKSLISAASSLRSGVPSRFSGSGSGTDFILTISSLQPEDFATYYCQQYNSFPYTFGQGTKLEIK	1e-06	VH	NON BINDER	0.28	#FF6666
CL213_GFRAL_M1_F1337.0_VM	QLQLVQSGGGLVQPGGSLRLSCAASGFTFSSYAMSWVRQAPGKGLEWVSAISGSGGSTYYADSVKGRFTTSRDNPRNTLYLQMNSLRDEDTAVYYCAKDGRVLVTRDYSHYTMDVWGQGTTVTVSS	DIQMTQSPSSLSASVGDRITITCRASQDINSWLAWYQQKPEKAPKSLISAASSLRSGVPSRFSGSGSGTDFILTISSLQPEDFATYYCQQYNSFPYTFGQGTKLEIK	NON BINDER	CAKDGRVLVTRDYSHYTMDVW	QLQLVQSGGGLVQPGGSLRLSCAASGFTFSSYAMSWVRQAPGKGLEWVSAISGSGGSTYYADSVKGRFTTSRDNPRNTLYLQMNSLRDEDTAVYYCAKDGRVLVTRDYSHYTMDVWGQGTTVTVSSDIQMTQSPSSLSASVGDRITITCRASQDINSWLAWYQQKPEKAPKSLISAASSLRSGVPSRFSGSGSGTDFILTISSLQPEDFATYYCQQYNSFPYTFGQGTKLEIK	1e-06	VM	NON BINDER	0.3	grey
CL214_GFRAL_M1_F1736.0_VL	QVQLVESGGGLVKPGGSLRLSCAASGFTFSDYYMSWIRQAPGKGLEWVSYISSSGSTIYYADSVKGRFTISRDNAKNSLYLQMNSLRAEDTAVYYCAAARNRFSGSHAYWGQGTLVTVSS	EIVMTQSPATLSLSPGERATLSCRASQSLRNSYLSWYQQKPGQAPRLLIYGASTRATGIPARFSGSGSGTDFTLTISSLQPEDFAVYYCQQDYNLLTFGGGTKVEMK	NON BINDER	CAAARNRFSGSHAYW	QVQLVESGGGLVKPGGSLRLSCAASGFTFSDYYMSWIRQAPGKGLEWVSYISSSGSTIYYADSVKGRFTISRDNAKNSLYLQMNSLRAEDTAVYYCAAARNRFSGSHAYWGQGTLVTVSSEIVMTQSPATLSLSPGERATLSCRASQSLRNSYLSWYQQKPGQAPRLLIYGASTRATGIPARFSGSGSGTDFTLTISSLQPEDFAVYYCQQDYNLLTFGGGTKVEMK	1e-06	VL	NON BINDER	0.27	grey
CL215_GFRAL_M1_F1736.0_VH	QVQLVQSGAEVKKPGASVKVSCKVSGKNFTELSMHWVRQAPGKGLVWVAVICFDGSYKYYADSVKGRFTISSDNSKNTLYLQMKLLRAVDSAVYYCAAARNRFCGSHDYWGQGTLVTVSS	EIVMTQSPATLSLSPGERATLSCRASQSLRNSYLSWYQQKPGQAPRLLIYGASTRATGIPARFSGSGSGTDFTLTISSLQPEDFAVYYCQQDYNLLTFGGGTKVEMK	NON BINDER	CAAARNRFCGSHDYW	QVQLVQSGAEVKKPGASVKVSCKVSGKNFTELSMHWVRQAPGKGLVWVAVICFDGSYKYYADSVKGRFTISSDNSKNTLYLQMKLLRAVDSAVYYCAAARNRFCGSHDYWGQGTLVTVSSEIVMTQSPATLSLSPGERATLSCRASQSLRNSYLSWYQQKPGQAPRLLIYGASTRATGIPARFSGSGSGTDFTLTISSLQPEDFAVYYCQQDYNLLTFGGGTKVEMK	1e-06	VH	NON BINDER	0.27	grey
CL216_GFRAL_M1_F1736.0_VM	QVQLVQSGGGLVQPGGSLRLSCAASGFTFSSYAMNWVRQAPGKGLEWVSAILGSGGSTYYADSVKGRFTISRDNSKNTLYLQMNSLRAEDTAVYYCAAARNRFSGSHDYWGQGTLVTVSS	EIVMTQSPATLSLSPGERATLSCRASQSLRNSYLSWYQQKPGQAPRLLIYGASTRATGIPARFSGSGSGTDFTLTISSLQPEDFAVYYCQQDYNLLTFGGGTKVEMK	BINDER	CAAARNRFSGSHDYW	QVQLVQSGGGLVQPGGSLRLSCAASGFTFSSYAMNWVRQAPGKGLEWVSAILGSGGSTYYADSVKGRFTISRDNSKNTLYLQMNSLRAEDTAVYYCAAARNRFSGSHDYWGQGTLVTVSSEIVMTQSPATLSLSPGERATLSCRASQSLRNSYLSWYQQKPGQAPRLLIYGASTRATGIPARFSGSGSGTDFTLTISSLQPEDFAVYYCQQDYNLLTFGGGTKVEMK	2.24e-10	VM	BINDER	0.89	grey
CL217_GFRAL_M2_F1217.0_VL	QVQLVESGGGLVQPGGSLRLSCAASGFTFSSYAMSWVRQAPGKGLEWVSAISGSGGSTYYADSVKGRFTISRDNSTNTLYLQMNSLRAEDTAVYYCARMYYAILTGYSVSDYYYYGMDVWGQGTTVTVSS	EIVMTQSPATLSLSPGERATLSCRASQSVSSSYLSWYQQKPGQAPRLLIYGASTRATGIPARFSGSGSGTDFTLTISSLQPEDFAVYYCQQDYNLPYTFGQGTKLEIK	NON BINDER	CARMYYAILTGYSVSDYYYYGMDVW	QVQLVESGGGLVQPGGSLRLSCAASGFTFSSYAMSWVRQAPGKGLEWVSAISGSGGSTYYADSVKGRFTISRDNSTNTLYLQMNSLRAEDTAVYYCARMYYAILTGYSVSDYYYYGMDVWGQGTTVTVSSEIVMTQSPATLSLSPGERATLSCRASQSVSSSYLSWYQQKPGQAPRLLIYGASTRATGIPARFSGSGSGTDFTLTISSLQPEDFAVYYCQQDYNLPYTFGQGTKLEIK	1e-06	VL	NON BINDER	0.42	grey
CL218_GFRAL_M2_F1217.0_VH	QITLRESGGGVVQPGRSLRLSCAASGFTFSSYGMHWVRQAPGKGLEWLAVIWYDAINYYYADSVKGRFTISRDNSKNKLYLQMNSMRADDTAVYFCARMYYDILSGYSVSDFYYYGMDVWGQGTTVTVSS	EIVMTQSPATLSLSPGERATLSCRASQSVSSSYLSWYQQKPGQAPRLLIYGASTRATGIPARFSGSGSGTDFTLTISSLQPEDFAVYYCQQDYNLPYTFGQGTKLEIK	NON BINDER	CARMYYDILSGYSVSDFYYYGMDVW	QITLRESGGGVVQPGRSLRLSCAASGFTFSSYGMHWVRQAPGKGLEWLAVIWYDAINYYYADSVKGRFTISRDNSKNKLYLQMNSMRADDTAVYFCARMYYDILSGYSVSDFYYYGMDVWGQGTTVTVSSEIVMTQSPATLSLSPGERATLSCRASQSVSSSYLSWYQQKPGQAPRLLIYGASTRATGIPARFSGSGSGTDFTLTISSLQPEDFAVYYCQQDYNLPYTFGQGTKLEIK	1e-06	VH	NON BINDER	0.29	grey
CL219_GFRAL_M2_F2240.0_VH	QVTLKESGGGVVQPGRSLRLSCAASGFTFSSYGMHWVRHAPGKGLEWVAVIWYDGSNKYYADSVKGRFTISRDNSKNTLYLQMNSLRAEDSAVYFCASPYYVILTALDYWGQGNLVTVSS	EIVMTQSPATLSVSPGERATLSCRASQSVSSNLAWYQQKPGQAPRLLIYGASTRATGIPARFSGSGSGTEFTLTISSLQSEDFAVYYCQQYNNWPPITFGQGTRLEIK	NON BINDER	CASPYYVILTALDYW	QVTLKESGGGVVQPGRSLRLSCAASGFTFSSYGMHWVRHAPGKGLEWVAVIWYDGSNKYYADSVKGRFTISRDNSKNTLYLQMNSLRAEDSAVYFCASPYYVILTALDYWGQGNLVTVSSEIVMTQSPATLSVSPGERATLSCRASQSVSSNLAWYQQKPGQAPRLLIYGASTRATGIPARFSGSGSGTEFTLTISSLQSEDFAVYYCQQYNNWPPITFGQGTRLEIK	1e-06	VH	NON BINDER	0.28	grey
CL222_GFRAL_M3_F1217.0_VL	QVQLVQSGGGLVQPGGSLRLSCAASGFTFSSYAMSWVRQAPGKGLEWVSAISGSGGSTYYADSVKGRFTISRDNSKNTLYLQMNSLRAEDTAVYYCARMYYDILTGYSVSDYYYYGKDVWGQGTTVTVSS	EIVMTQSPATLSLSPGERATLSCRASQSVSSSYLSWYQQKPGQAPRLLIYGASTRATGIPARFSGSGSGTDFTLTISSLQPEDFAVYYCQQDYNLPYTFGQGTKLEIK	NON BINDER	CARMYYDILTGYSVSDYYYYGKDVW	QVQLVQSGGGLVQPGGSLRLSCAASGFTFSSYAMSWVRQAPGKGLEWVSAISGSGGSTYYADSVKGRFTISRDNSKNTLYLQMNSLRAEDTAVYYCARMYYDILTGYSVSDYYYYGKDVWGQGTTVTVSSEIVMTQSPATLSLSPGERATLSCRASQSVSSSYLSWYQQKPGQAPRLLIYGASTRATGIPARFSGSGSGTDFTLTISSLQPEDFAVYYCQQDYNLPYTFGQGTKLEIK	1e-06	VL	NON BINDER	0.29	grey
CL223_GFRAL_M3_F1217.0_VH	QVQLVQSGAEVKKPGASVKVSCKASGYTFTSYDINWVRQATGQGLEWMGWMNPNSGNTGYAQKFQGRVTMTRNTSISTAYMELSSLRSEDTAVYYCAREGYDILTGYSVSDYYYYGMDVWGQGTTVTVSS	EIVMTQSPATLSLSPGERATLSCRASQSVSSSYLSWYQQKPGQAPRLLIYGASTRATGIPARFSGSGSGTDFTLTISSLQPEDFAVYYCQQDYNLPYTFGQGTKLEIK	NON BINDER	CAREGYDILTGYSVSDYYYYGMDVW	QVQLVQSGAEVKKPGASVKVSCKASGYTFTSYDINWVRQATGQGLEWMGWMNPNSGNTGYAQKFQGRVTMTRNTSISTAYMELSSLRSEDTAVYYCAREGYDILTGYSVSDYYYYGMDVWGQGTTVTVSSEIVMTQSPATLSLSPGERATLSCRASQSVSSSYLSWYQQKPGQAPRLLIYGASTRATGIPARFSGSGSGTDFTLTISSLQPEDFAVYYCQQDYNLPYTFGQGTKLEIK	1e-06	VH	NON BINDER	0.33	grey
CL224_GFRAL_M3_F2240.0_VH	QVQLVQSGAEVKKPGASVKVSCKVSGYTLTELSMHWVRQAPGKGLEWMGGFDPEDGEIIYAQKFQGRVTMTEDTSTDTAYMELNSLRSEDMAVHDCAPAYYDIVTGFDYWGQGTLVTVSS	EIVMTQSPATLSVSPGERATLSCRASQSVSSNLAWYQQKPGQAPRLLIYGASTRATGIPARFSGSGSGTEFTLTISSLQSEDFAVYYCQQYNNWPPITFGQGTRLEIK	NON BINDER	CAPAYYDIVTGFDYW	QVQLVQSGAEVKKPGASVKVSCKVSGYTLTELSMHWVRQAPGKGLEWMGGFDPEDGEIIYAQKFQGRVTMTEDTSTDTAYMELNSLRSEDMAVHDCAPAYYDIVTGFDYWGQGTLVTVSSEIVMTQSPATLSVSPGERATLSCRASQSVSSNLAWYQQKPGQAPRLLIYGASTRATGIPARFSGSGSGTEFTLTISSLQSEDFAVYYCQQYNNWPPITFGQGTRLEIK	1e-06	VH	NON BINDER	0.28	grey
CL226_GFRAL_M1_TN	QVQLVESGGGVVQPGRSLRLSCAASGFTFSSYGMHWVRQAPGKGLEWVAVIWYDGSNKYYADSVKGRFTISRDNSKNTLYLQMNSLRAEDTAVYYCARGEREVPQWLVPPFDYWGQGTLVTVSS	DIQLTQSPSFLSASVGDRVTITCRASQGIRSYLAWYQQKPGRAPKLLIYVASTLQSGVPSRFSGSGSGTEFTLTISSLQPEDFATYYCQQLHSYPRTFGQGTKVEIK	WEAK BINDER	CARGEREVPQWLVPPFDYW	QVQLVESGGGVVQPGRSLRLSCAASGFTFSSYGMHWVRQAPGKGLEWVAVIWYDGSNKYYADSVKGRFTISRDNSKNTLYLQMNSLRAEDTAVYYCARGEREVPQWLVPPFDYWGQGTLVTVSSDIQLTQSPSFLSASVGDRVTITCRASQGIRSYLAWYQQKPGRAPKLLIYVASTLQSGVPSRFSGSGSGTEFTLTISSLQPEDFATYYCQQLHSYPRTFGQGTKVEIK	1.46e-07	TN	BINDER	0.29	#FF6666
CL230_GFRAL_M1_TN	QVQLVESGGGVVQPGRSLRLSCAASGFTFSSYGMHWVRQAPGKGLEWVAVISYDGRNKYYADSVKGRFTISRDNSKNTLYLQMNSLRAEDTAVYYCARDRSTEFDYWGQGTLVTVSS	DIQMTQSPSTLSASVGDRVTITCRASQSISSWLAWYQQKPGKAPKLLIYKASSLESGVPSRFSGSGSGTEFTLTISSLQPDDFATYYCQQFNSYSWTFGQGTKVEIK	WEAK BINDER	CARDRSTEFDYW	QVQLVESGGGVVQPGRSLRLSCAASGFTFSSYGMHWVRQAPGKGLEWVAVISYDGRNKYYADSVKGRFTISRDNSKNTLYLQMNSLRAEDTAVYYCARDRSTEFDYWGQGTLVTVSSDIQMTQSPSTLSASVGDRVTITCRASQSISSWLAWYQQKPGKAPKLLIYKASSLESGVPSRFSGSGSGTEFTLTISSLQPDDFATYYCQQFNSYSWTFGQGTKVEIK	1.92e-07	TN	BINDER	0.27	#FF6666
CL117_GFRAL_M2_O	QVQLQESGPGLVKPSETLSLTCTVSGGSISSYYWSWIRQPPGKGLEWIGYIYYSGSTKYNPSLKSRVTISVDTSKNQFSLKLSSVTAADTAVYYCARDLEVGANNWFDPWGQGTLVTVSS	DIQMTQSPSSLSASVGDRVTITCRASQGISIWLAWYQQKPEKAPKSLLYAASSLQSGVPSRFSGSGSGTDFTLTISSLQPEDFATYYCQQYNSYPPTFGQGTKLEIK	BINDER	CARDLEVGANNWFDPW	QVQLQESGPGLVKPSETLSLTCTVSGGSISSYYWSWIRQPPGKGLEWIGYIYYSGSTKYNPSLKSRVTISVDTSKNQFSLKLSSVTAADTAVYYCARDLEVGANNWFDPWGQGTLVTVSSDIQMTQSPSSLSASVGDRVTITCRASQGISIWLAWYQQKPEKAPKSLLYAASSLQSGVPSRFSGSGSGTDFTLTISSLQPEDFATYYCQQYNSYPPTFGQGTKLEIK	6.59e-08	O	BINDER	0.33	gold
CL231_GFRAL_M1_TN	QVQLQESGPGLVKPSETLSLTCTVSGGSISSYYWSWIRQPPGKGLEWIGYIYYSGSTKYNPSLKSRVTISVDTSKNQFSLKLSSVTAADTAVYYCARDLEVGANNWFDPWGQGTLVTVSS	DIQMTQSPSSLSASVGDRVTITCRASQGISIWLGWYQQKPEKAPKSLIYAASSLQSGVPSRFSGSGSGTDFTLTISSLQPEDFATYYCQQYNSYPPTFGQGTKLEIK	BINDER	CARDLEVGANNWFDPW	QVQLQESGPGLVKPSETLSLTCTVSGGSISSYYWSWIRQPPGKGLEWIGYIYYSGSTKYNPSLKSRVTISVDTSKNQFSLKLSSVTAADTAVYYCARDLEVGANNWFDPWGQGTLVTVSSDIQMTQSPSSLSASVGDRVTITCRASQGISIWLGWYQQKPEKAPKSLIYAASSLQSGVPSRFSGSGSGTDFTLTISSLQPEDFATYYCQQYNSYPPTFGQGTKLEIK	1.5e-08	TN	BINDER	0.33	gold
CL239_GFRAL_M2_TN	QVQLQQWGAGLLKPSETLSLTCAVYGGSFSGYYWSWIRQPPGKGLEWIGEINHSGSTNFNPSLKSRVTISVDTSKNQFSLKLTSVTAADTAVYFCARGSPPYVYYGMDVWGQGTTVTVSS	EIVMTQSPATLSLSPGERATLSCRASQSVSSSYLSWYQQKPGQAPRLLIYGASTRATGIPARFSGSGSGTDFTLTISSLQPEDFAVYYCQQDYNLPLTFGGGTKVEIK	BINDER	CARGSPPYVYYGMDVW	QVQLQQWGAGLLKPSETLSLTCAVYGGSFSGYYWSWIRQPPGKGLEWIGEINHSGSTNFNPSLKSRVTISVDTSKNQFSLKLTSVTAADTAVYFCARGSPPYVYYGMDVWGQGTTVTVSSEIVMTQSPATLSLSPGERATLSCRASQSVSSSYLSWYQQKPGQAPRLLIYGASTRATGIPARFSGSGSGTDFTLTISSLQPEDFAVYYCQQDYNLPLTFGGGTKVEIK	5.98e-09	TN	BINDER	0.46	#0066CC
